0,9,-7.38,-4.07
0,15,-5.54,-11.43
0,19,-12.68,-8.98
1,9,-7.35,-4.13
1,15,-5.58,-11.32
1,19,-12.59,-9.03
2,9,-7.33,-4.21
2,15,-5.63,-11.18
2,19,-12.48,-9.1
3,9,-7.31,-4.32
3,15,-5.68,-11.03
3,19,-12.35,-9.18
4,9,-7.3,-4.42
4,15,-5.74,-10.88
4,19,-12.22,-9.26
5,9,-7.29,-4.53
5,15,-5.8,-10.72
5,19,-12.08,-9.34
6,9,-7.27,-4.65
6,15,-5.86,-10.56
6,19,-11.93,-9.41
7,9,-7.25,-4.76
7,15,-5.91,-10.4
7,19,-11.77,-9.48
8,9,-7.23,-4.88
8,15,-5.97,-10.24
8,19,-11.61,-9.54
9,9,-7.19,-5.02
9,15,-6.03,-10.08
9,19,-11.45,-9.6
10,9,-7.14,-5.17
10,15,-6.09,-9.92
10,19,-11.28,-9.67
11,9,-7.09,-5.34
11,15,-6.14,-9.76
11,19,-11.1,-9.73
12,9,-7.03,-5.53
12,15,-6.18,-9.6
12,19,-10.93,-9.8
13,9,-6.97,-5.72
13,15,-6.21,-9.45
13,19,-10.75,-9.86
14,9,-6.91,-5.91
14,15,-6.23,-9.3
14,19,-10.58,-9.92
15,9,-6.83,-6.09
15,15,-6.23,-9.15
15,19,-10.4,-9.97
16,9,-6.74,-6.24
16,11,-14.58,-10.92
16,15,-6.23,-9.01
16,19,-10.21,-10.02
17,9,-6.64,-6.39
17,11,-14.51,-10.89
17,15,-6.23,-8.86
17,19,-10.03,-10.06
18,9,-6.53,-6.52
18,11,-14.42,-10.85
18,15,-6.23,-8.72
18,19,-9.84,-10.1
19,9,-6.42,-6.63
19,11,-14.32,-10.8
19,15,-6.23,-8.58
19,19,-9.65,-10.14
20,9,-6.32,-6.71
20,11,-14.22,-10.76
20,15,-6.23,-8.45
20,19,-9.46,-10.17
21,9,-6.21,-6.77
21,11,-14.11,-10.71
21,12,-14.34,-10.05
21,15,-6.23,-8.34
21,19,-9.27,-10.18
22,9,-6.11,-6.8
22,11,-14.01,-10.66
22,12,-14.27,-10.02
22,15,-6.24,-8.25
22,19,-9.08,-10.17
23,9,-6.01,-6.82
23,11,-13.9,-10.61
23,12,-14.18,-9.98
23,15,-6.24,-8.17
23,19,-8.9,-10.14
24,9,-5.92,-6.84
24,11,-13.79,-10.55
24,12,-14.09,-9.93
24,15,-6.25,-8.11
24,19,-8.73,-10.07
25,9,-5.84,-6.86
25,11,-13.68,-10.5
25,12,-13.98,-9.88
25,15,-6.27,-8.05
25,19,-8.59,-9.97
26,9,-5.79,-6.88
26,11,-13.56,-10.45
26,12,-13.88,-9.83
26,15,-6.28,-8.01
26,19,-8.47,-9.85
27,9,-5.76,-6.9
27,11,-13.45,-10.39
27,12,-13.77,-9.78
27,15,-6.3,-7.97
27,19,-8.37,-9.72
28,9,-5.75,-6.92
28,11,-13.33,-10.34
28,12,-13.66,-9.73
28,15,-6.31,-7.94
28,19,-8.29,-9.58
29,9,-5.75,-6.95
29,11,-13.21,-10.28
29,12,-13.55,-9.68
29,15,-6.33,-7.9
29,19,-8.23,-9.43
30,9,-5.75,-6.97
30,11,-13.09,-10.23
30,12,-13.44,-9.62
30,15,-6.34,-7.86
30,19,-8.18,-9.28
31,9,-5.75,-6.99
31,11,-12.97,-10.17
31,12,-13.33,-9.57
31,15,-6.36,-7.83
31,19,-8.12,-9.13
32,9,-5.75,-7.01
32,11,-12.84,-10.11
32,12,-13.21,-9.51
32,15,-6.38,-7.79
32,19,-8.07,-8.97
33,9,-5.75,-7.04
33,11,-12.72,-10.05
33,12,-13.1,-9.46
33,15,-6.39,-7.75
33,19,-8.02,-8.81
34,9,-5.76,-7.06
34,11,-12.59,-9.99
34,12,-12.98,-9.4
34,15,-6.41,-7.72
34,19,-7.97,-8.65
35,9,-5.76,-7.08
35,11,-12.46,-9.93
35,12,-12.86,-9.35
35,15,-6.43,-7.68
35,19,-7.91,-8.49
36,9,-5.76,-7.1
36,11,-12.32,-9.87
36,12,-12.74,-9.29
36,15,-6.44,-7.64
36,19,-7.86,-8.33
37,9,-5.76,-7.13
37,11,-12.18,-9.8
37,12,-12.61,-9.23
37,15,-6.46,-7.6
37,19,-7.8,-8.16
38,9,-5.76,-7.15
38,11,-12.05,-9.74
38,12,-12.48,-9.17
38,15,-6.47,-7.57
38,19,-7.75,-7.99
39,9,-5.77,-7.17
39,11,-11.9,-9.67
39,12,-12.36,-9.11
39,15,-6.49,-7.54
39,19,-7.69,-7.82
40,9,-5.77,-7.19
40,11,-11.76,-9.6
40,12,-12.23,-9.04
40,13,-14.78,-10.77
40,15,-6.5,-7.51
40,19,-7.63,-7.65
41,9,-5.77,-7.22
41,11,-11.61,-9.54
41,12,-12.09,-8.98
41,13,-14.72,-10.72
41,15,-6.51,-7.49
41,19,-7.57,-7.47
42,9,-5.77,-7.24
42,11,-11.46,-9.47
42,12,-11.96,-8.92
42,13,-14.64,-10.67
42,15,-6.52,-7.47
42,19,-7.51,-7.29
43,9,-5.77,-7.26
43,11,-11.31,-9.39
43,12,-11.82,-8.85
43,13,-14.54,-10.6
43,15,-6.52,-7.46
43,19,-7.44,-7.11
44,9,-5.77,-7.28
44,11,-11.16,-9.32
44,12,-11.68,-8.79
44,13,-14.43,-10.52
44,15,-6.52,-7.46
44,19,-7.36,-6.92
45,9,-5.77,-7.3
45,11,-11.0,-9.25
45,12,-11.55,-8.72
45,13,-14.31,-10.44
45,15,-6.52,-7.45
45,19,-7.26,-6.74
46,9,-5.77,-7.31
46,11,-10.84,-9.18
46,12,-11.41,-8.66
46,13,-14.19,-10.35
46,15,-6.53,-7.44
46,19,-7.15,-6.58
47,9,-5.77,-7.31
47,11,-10.69,-9.11
47,12,-11.28,-8.6
47,13,-14.07,-10.27
47,15,-6.53,-7.44
47,19,-7.02,-6.43
48,9,-5.77,-7.32
48,11,-10.54,-9.04
48,12,-11.15,-8.54
48,13,-13.94,-10.18
48,15,-6.53,-7.43
48,19,-6.87,-6.31
49,9,-5.77,-7.32
49,11,-10.39,-8.98
49,12,-11.02,-8.48
49,13,-13.82,-10.11
49,15,-6.53,-7.43
49,19,-6.7,-6.21
50,9,-5.77,-7.32
50,11,-10.26,-8.93
50,12,-10.89,-8.42
50,13,-13.7,-10.04
50,15,-6.53,-7.42
50,19,-6.53,-6.13
51,9,-5.76,-7.32
51,11,-10.13,-8.89
51,12,-10.76,-8.36
51,13,-13.58,-10.0
51,15,-6.54,-7.42
51,19,-6.35,-6.08
52,9,-5.76,-7.33
52,11,-10.01,-8.85
52,12,-10.62,-8.3
52,13,-13.46,-9.97
52,15,-6.54,-7.41
52,19,-6.17,-6.06
53,9,-5.76,-7.33
53,11,-9.9,-8.82
53,12,-10.49,-8.24
53,13,-13.35,-9.94
53,15,-6.54,-7.41
53,19,-5.99,-6.06
54,9,-5.75,-7.33
54,11,-9.79,-8.79
54,12,-10.35,-8.17
54,13,-13.24,-9.91
54,15,-6.54,-7.4
54,19,-5.81,-6.07
55,9,-5.75,-7.33
55,11,-9.68,-8.77
55,12,-10.21,-8.11
55,13,-13.12,-9.86
55,15,-6.54,-7.4
55,19,-5.62,-6.07
56,9,-5.75,-7.33
56,11,-9.58,-8.74
56,12,-10.06,-8.04
56,13,-13.0,-9.79
56,15,-6.54,-7.39
56,19,-5.43,-6.08
57,9,-5.75,-7.33
57,11,-9.47,-8.71
57,12,-9.92,-7.98
57,13,-12.88,-9.71
57,15,-6.55,-7.39
57,19,-5.22,-6.1
58,9,-5.74,-7.34
58,11,-9.36,-8.67
58,12,-9.77,-7.91
58,13,-12.76,-9.61
58,15,-6.55,-7.38
58,19,-5.0,-6.13
59,9,-5.74,-7.34
59,11,-9.25,-8.62
59,12,-9.63,-7.84
59,13,-12.63,-9.51
59,15,-6.55,-7.38
59,19,-4.78,-6.17
60,9,-5.74,-7.34
60,11,-9.14,-8.56
60,12,-9.5,-7.77
60,13,-12.51,-9.4
60,15,-6.55,-7.37
60,19,-4.56,-6.23
61,9,-5.74,-7.34
61,11,-9.03,-8.48
61,12,-9.38,-7.7
61,13,-12.39,-9.29
61,15,-6.55,-7.37
61,19,-4.35,-6.28
62,9,-5.73,-7.34
62,11,-8.91,-8.4
62,12,-9.27,-7.63
62,13,-12.27,-9.17
62,15,-6.56,-7.36
62,19,-4.15,-6.34
63,9,-5.73,-7.34
63,11,-8.79,-8.31
63,12,-9.16,-7.55
63,13,-12.16,-9.05
63,15,-6.56,-7.35
63,19,-3.95,-6.4
64,9,-5.73,-7.35
64,11,-8.66,-8.21
64,12,-9.05,-7.48
64,13,-12.05,-8.93
64,15,-6.56,-7.35
64,19,-3.75,-6.46
65,9,-5.73,-7.35
65,11,-8.52,-8.12
65,12,-8.94,-7.41
65,13,-11.95,-8.8
65,15,-6.56,-7.34
65,19,-3.55,-6.52
66,9,-5.72,-7.35
66,11,-8.38,-8.03
66,12,-8.83,-7.34
66,13,-11.85,-8.68
66,15,-6.56,-7.34
66,19,-3.36,-6.58
67,9,-5.72,-7.35
67,11,-8.25,-7.93
67,12,-8.72,-7.27
67,13,-11.74,-8.55
67,15,-6.57,-7.33
67,19,-3.17,-6.65
68,9,-5.72,-7.35
68,11,-8.11,-7.83
68,12,-8.62,-7.19
68,13,-11.64,-8.42
68,15,-6.57,-7.33
68,19,-2.99,-6.73
69,9,-5.71,-7.35
69,11,-7.99,-7.72
69,12,-8.53,-7.1
69,13,-11.54,-8.29
69,15,-6.57,-7.32
69,19,-2.81,-6.81
70,9,-5.71,-7.36
70,11,-7.88,-7.61
70,12,-8.46,-7.01
70,13,-11.45,-8.16
70,15,-6.57,-7.32
70,19,-2.64,-6.89
71,9,-5.71,-7.36
71,11,-7.78,-7.48
71,12,-8.39,-6.91
71,13,-11.35,-8.03
71,15,-6.57,-7.31
71,19,-2.46,-6.97
72,9,-5.71,-7.35
72,11,-7.68,-7.36
72,12,-8.32,-6.8
72,13,-11.26,-7.9
72,15,-6.58,-7.31
72,19,-2.3,-7.06
73,9,-5.7,-7.35
73,11,-7.59,-7.23
73,12,-8.25,-6.69
73,13,-11.17,-7.77
73,15,-6.58,-7.3
73,19,-2.16,-7.15
74,9,-5.7,-7.34
74,11,-7.49,-7.09
74,12,-8.16,-6.57
74,13,-11.08,-7.64
74,15,-6.58,-7.3
74,19,-2.05,-7.24
75,9,-5.7,-7.34
75,11,-7.41,-6.95
75,12,-8.07,-6.44
75,13,-10.98,-7.5
75,15,-6.58,-7.29
75,19,-2.0,-7.33
76,9,-5.7,-7.33
76,11,-7.33,-6.81
76,12,-7.96,-6.3
76,13,-10.89,-7.36
76,15,-6.58,-7.29
76,19,-2.01,-7.43
77,9,-5.7,-7.32
77,11,-7.26,-6.66
77,12,-7.85,-6.16
77,13,-10.79,-7.22
77,15,-6.58,-7.28
77,19,-2.06,-7.52
78,9,-5.69,-7.31
78,11,-7.19,-6.51
78,12,-7.75,-6.02
78,13,-10.69,-7.08
78,15,-6.59,-7.28
78,19,-2.14,-7.61
79,9,-5.69,-7.3
79,11,-7.13,-6.35
79,12,-7.67,-5.89
79,13,-10.58,-6.94
79,15,-6.59,-7.28
79,19,-2.23,-7.7
80,9,-5.69,-7.29
80,11,-7.07,-6.19
80,12,-7.6,-5.76
80,13,-10.48,-6.79
80,15,-6.59,-7.28
80,19,-2.35,-7.78
81,9,-5.69,-7.28
81,11,-7.01,-6.03
81,12,-7.56,-5.64
81,13,-10.38,-6.64
81,15,-6.59,-7.28
81,19,-2.48,-7.86
82,9,-5.69,-7.27
82,11,-6.95,-5.87
82,12,-7.52,-5.52
82,13,-10.27,-6.48
82,15,-6.59,-7.28
82,19,-2.62,-7.92
83,9,-5.68,-7.26
83,11,-6.89,-5.7
83,12,-7.48,-5.41
83,13,-10.17,-6.33
83,15,-6.59,-7.28
83,19,-2.77,-7.99
84,9,-5.68,-7.25
84,11,-6.83,-5.54
84,12,-7.45,-5.29
84,13,-10.07,-6.17
84,15,-6.59,-7.28
84,19,-2.94,-8.05
85,9,-5.68,-7.24
85,11,-6.78,-5.37
85,12,-7.41,-5.17
85,13,-9.98,-6.0
85,15,-6.59,-7.28
85,19,-3.12,-8.12
86,9,-5.68,-7.23
86,11,-6.74,-5.21
86,12,-7.39,-5.05
86,13,-9.9,-5.83
86,15,-6.6,-7.28
86,19,-3.31,-8.19
87,9,-5.68,-7.22
87,11,-6.71,-5.05
87,12,-7.37,-4.92
87,13,-9.84,-5.65
87,15,-6.6,-7.26
87,19,-3.51,-8.26
88,9,-5.68,-7.21
88,11,-6.69,-4.89
88,12,-7.35,-4.8
88,13,-9.79,-5.48
88,15,-6.61,-7.25
88,19,-3.72,-8.32
89,9,-5.69,-7.2
89,11,-6.67,-4.73
89,12,-7.35,-4.67
89,13,-9.75,-5.31
89,15,-6.62,-7.22
89,19,-3.92,-8.39
90,9,-5.71,-7.18
90,11,-6.65,-4.57
90,12,-7.34,-4.54
90,13,-9.71,-5.13
90,15,-6.63,-7.2
90,19,-4.12,-8.46
91,9,-5.73,-7.17
91,11,-6.63,-4.41
91,12,-7.34,-4.41
91,13,-9.67,-4.95
91,15,-6.64,-7.17
91,19,-4.32,-8.52
92,9,-5.76,-7.16
92,11,-6.62,-4.25
92,12,-7.33,-4.27
92,13,-9.63,-4.77
92,15,-6.65,-7.15
92,19,-4.51,-8.59
93,9,-5.78,-7.14
93,11,-6.6,-4.09
93,12,-7.32,-4.13
93,13,-9.59,-4.59
93,15,-6.66,-7.12
93,19,-4.7,-8.64
94,9,-5.79,-7.13
94,11,-6.58,-3.92
94,12,-7.31,-3.98
94,13,-9.55,-4.41
94,15,-6.67,-7.09
94,19,-4.9,-8.69
95,9,-5.79,-7.12
95,11,-6.56,-3.76
95,12,-7.29,-3.81
95,13,-9.51,-4.22
95,15,-6.68,-7.07
95,19,-5.1,-8.72
96,9,-5.78,-7.1
96,11,-6.55,-3.59
96,12,-7.26,-3.62
96,13,-9.47,-4.03
96,15,-6.69,-7.04
96,19,-5.31,-8.73
97,9,-5.76,-7.09
97,11,-6.54,-3.43
97,12,-7.23,-3.41
97,13,-9.43,-3.84
97,15,-6.7,-7.01
97,19,-5.52,-8.74
98,9,-5.75,-7.08
98,11,-6.53,-3.27
98,12,-7.21,-3.2
98,13,-9.39,-3.64
98,15,-6.71,-6.99
98,19,-5.74,-8.74
99,9,-5.73,-7.07
99,11,-6.53,-3.11
99,12,-7.2,-3.0
99,13,-9.36,-3.44
99,15,-6.72,-6.96
99,19,-5.96,-8.74
100,9,-5.71,-7.05
100,11,-6.53,-2.95
100,12,-7.21,-2.82
100,13,-9.33,-3.23
100,15,-6.73,-6.93
100,19,-6.17,-8.74
101,9,-5.69,-7.04
101,11,-6.54,-2.79
101,12,-7.23,-2.65
101,13,-9.31,-3.02
101,15,-6.74,-6.91
101,19,-6.39,-8.73
102,9,-5.68,-7.03
102,11,-6.54,-2.64
102,12,-7.26,-2.5
102,13,-9.29,-2.81
102,15,-6.75,-6.88
102,19,-6.6,-8.73
103,9,-5.66,-7.01
103,11,-6.55,-2.48
103,12,-7.29,-2.37
103,13,-9.27,-2.59
103,15,-6.76,-6.86
103,19,-6.8,-8.73
104,9,-5.63,-7.0
104,11,-6.56,-2.32
104,12,-7.32,-2.26
104,13,-9.25,-2.37
104,15,-6.76,-6.84
104,19,-7.0,-8.73
105,9,-5.6,-6.98
105,11,-6.56,-2.16
105,12,-7.36,-2.16
105,13,-9.24,-2.15
105,15,-6.77,-6.82
105,19,-7.2,-8.72
106,9,-5.56,-6.96
106,11,-6.57,-2.0
106,12,-7.39,-2.07
106,13,-9.22,-1.93
106,15,-6.77,-6.81
106,19,-7.4,-8.71
107,9,-5.51,-6.95
107,11,-6.58,-1.85
107,12,-7.43,-1.98
107,13,-9.22,-1.73
107,15,-6.76,-6.81
107,19,-7.59,-8.7
108,9,-5.48,-6.96
108,11,-6.59,-1.69
108,12,-7.46,-1.89
108,13,-9.22,-1.55
108,15,-6.76,-6.82
108,19,-7.78,-8.68
109,9,-5.46,-6.99
109,11,-6.6,-1.55
109,12,-7.5,-1.8
109,13,-9.23,-1.38
109,15,-6.75,-6.82
109,19,-7.96,-8.66
110,9,-5.47,-7.04
110,11,-6.62,-1.4
110,12,-7.53,-1.69
110,13,-9.24,-1.23
110,15,-6.74,-6.83
110,19,-8.14,-8.63
111,9,-5.5,-7.1
111,11,-6.64,-1.27
111,12,-7.55,-1.57
111,13,-9.26,-1.09
111,15,-6.73,-6.84
111,19,-8.32,-8.61
112,9,-5.53,-7.16
112,11,-6.67,-1.13
112,12,-7.57,-1.43
112,13,-9.28,-0.95
112,15,-6.72,-6.85
112,19,-8.49,-8.58
113,9,-5.57,-7.2
113,11,-6.69,-1.0
113,12,-7.58,-1.28
113,13,-9.3,-0.81
113,15,-6.71,-6.86
113,19,-8.67,-8.56
114,9,-5.6,-7.23
114,11,-6.71,-0.87
114,12,-7.6,-1.12
114,13,-9.32,-0.67
114,15,-6.71,-6.87
114,19,-8.86,-8.53
115,9,-5.64,-7.26
115,11,-6.73,-0.73
115,12,-7.61,-0.96
115,13,-9.34,-0.53
115,15,-6.7,-6.88
115,16,-13.72,-7.43
115,19,-9.05,-8.5
116,9,-5.68,-7.28
116,11,-6.76,-0.59
116,12,-7.62,-0.81
116,13,-9.36,-0.39
116,15,-6.71,-6.89
116,16,-13.64,-7.42
116,19,-9.24,-8.48
117,9,-5.71,-7.3
117,11,-6.78,-0.46
117,12,-7.64,-0.65
117,13,-9.39,-0.25
117,15,-6.71,-6.9
117,16,-13.52,-7.41
117,19,-9.43,-8.46
118,9,-5.75,-7.33
118,11,-6.8,-0.32
118,12,-7.66,-0.51
118,13,-9.41,-0.1
118,15,-6.71,-6.91
118,16,-13.37,-7.39
118,19,-9.63,-8.44
119,9,-5.78,-7.35
119,11,-6.83,-0.18
119,12,-7.68,-0.37
119,13,-9.43,0.04
119,15,-6.72,-6.92
119,16,-13.2,-7.37
119,19,-9.82,-8.43
120,9,-5.82,-7.37
120,11,-6.85,-0.05
120,12,-7.7,-0.23
120,13,-9.45,0.18
120,15,-6.72,-6.93
120,16,-13.01,-7.34
120,19,-10.0,-8.42
121,9,-5.85,-7.39
121,11,-6.87,0.09
121,12,-7.73,-0.09
121,13,-9.47,0.33
121,15,-6.73,-6.93
121,16,-12.8,-7.3
121,19,-10.18,-8.41
122,9,-5.89,-7.41
122,11,-6.9,0.23
122,12,-7.75,0.05
122,13,-9.49,0.48
122,15,-6.73,-6.94
122,16,-12.59,-7.27
122,19,-10.36,-8.4
123,9,-5.92,-7.44
123,11,-6.92,0.37
123,12,-7.78,0.19
123,13,-9.52,0.62
123,15,-6.73,-6.95
123,16,-12.39,-7.25
123,19,-10.54,-8.4
124,9,-5.96,-7.46
124,11,-6.95,0.51
124,12,-7.8,0.32
124,13,-9.54,0.77
124,15,-6.74,-6.96
124,16,-12.19,-7.23
124,19,-10.72,-8.39
125,9,-6.0,-7.49
125,11,-6.97,0.66
125,12,-7.82,0.46
125,13,-9.56,0.92
125,15,-6.74,-6.97
125,16,-12.0,-7.21
125,19,-10.89,-8.38
126,9,-6.03,-7.53
126,11,-7.0,0.8
126,12,-7.84,0.59
126,13,-9.58,1.07
126,15,-6.75,-6.98
126,16,-11.82,-7.19
126,19,-11.06,-8.37
127,9,-6.07,-7.57
127,11,-7.02,0.94
127,12,-7.86,0.71
127,13,-9.61,1.22
127,15,-6.75,-6.99
127,16,-11.64,-7.18
127,19,-11.23,-8.37
128,9,-6.11,-7.61
128,11,-7.04,1.09
128,12,-7.88,0.83
128,13,-9.63,1.38
128,15,-6.76,-6.99
128,16,-11.47,-7.16
128,19,-11.39,-8.36
129,9,-6.15,-7.65
129,11,-7.07,1.23
129,12,-7.9,0.95
129,13,-9.65,1.53
129,15,-6.76,-7.0
129,16,-11.29,-7.13
129,19,-11.56,-8.35
130,9,-6.18,-7.69
130,11,-7.09,1.38
130,12,-7.92,1.06
130,13,-9.67,1.68
130,15,-6.77,-7.01
130,16,-11.13,-7.09
130,19,-11.72,-8.34
131,9,-6.22,-7.73
131,11,-7.12,1.52
131,12,-7.94,1.18
131,13,-9.7,1.83
131,15,-6.77,-7.02
131,16,-10.96,-7.05
131,19,-11.87,-8.33
132,9,-6.26,-7.77
132,11,-7.14,1.67
132,12,-7.95,1.3
132,13,-9.72,1.97
132,15,-6.78,-7.03
132,16,-10.79,-7.01
132,17,-14.34,-9.24
132,19,-12.03,-8.31
133,9,-6.29,-7.81
133,11,-7.17,1.81
133,12,-7.97,1.42
133,13,-9.74,2.1
133,15,-6.79,-7.04
133,16,-10.61,-6.97
133,17,-14.27,-9.24
133,19,-12.18,-8.29
134,9,-6.33,-7.85
134,11,-7.19,1.95
134,12,-7.99,1.54
134,13,-9.76,2.22
134,15,-6.8,-7.05
134,16,-10.43,-6.93
134,17,-14.18,-9.23
134,19,-12.32,-8.25
135,9,-6.37,-7.89
135,11,-7.22,2.09
135,12,-8.01,1.66
135,13,-9.78,2.34
135,15,-6.82,-7.06
135,16,-10.25,-6.89
135,17,-14.06,-9.22
135,19,-12.46,-8.21
136,9,-6.4,-7.93
136,11,-7.24,2.22
136,12,-8.03,1.78
136,13,-9.8,2.45
136,15,-6.84,-7.07
136,16,-10.07,-6.85
136,17,-13.93,-9.2
136,19,-12.6,-8.16
137,9,-6.44,-7.97
137,11,-7.26,2.34
137,12,-8.05,1.9
137,13,-9.82,2.56
137,15,-6.87,-7.09
137,16,-9.87,-6.81
137,17,-13.79,-9.18
137,19,-12.74,-8.12
138,9,-6.47,-8.01
138,11,-7.28,2.46
138,12,-8.07,2.02
138,13,-9.84,2.67
138,15,-6.9,-7.11
138,16,-9.67,-6.78
138,17,-13.65,-9.15
138,19,-12.88,-8.07
139,9,-6.51,-8.04
139,11,-7.3,2.58
139,12,-8.08,2.14
139,13,-9.86,2.77
139,15,-6.93,-7.12
139,16,-9.46,-6.74
139,17,-13.49,-9.13
139,19,-13.01,-8.03
140,9,-6.55,-8.08
140,11,-7.32,2.7
140,12,-8.1,2.26
140,13,-9.86,2.87
140,15,-6.97,-7.14
140,16,-9.24,-6.7
140,17,-13.34,-9.11
140,19,-13.15,-7.98
141,9,-6.58,-8.12
141,11,-7.34,2.82
141,12,-8.12,2.38
141,13,-9.87,2.97
141,15,-7.0,-7.16
141,16,-9.02,-6.67
141,17,-13.18,-9.09
141,19,-13.28,-7.94
142,9,-6.62,-8.16
142,11,-7.36,2.95
142,12,-8.14,2.51
142,13,-9.86,3.05
142,15,-7.04,-7.18
142,16,-8.79,-6.63
142,17,-13.02,-9.07
142,19,-13.41,-7.89
143,9,-6.65,-8.2
143,11,-7.38,3.07
143,12,-8.16,2.63
143,13,-9.84,3.13
143,15,-7.08,-7.2
143,16,-8.57,-6.6
143,17,-12.86,-9.05
143,19,-13.53,-7.85
144,9,-6.69,-8.24
144,11,-7.4,3.19
144,12,-8.18,2.76
144,13,-9.83,3.2
144,15,-7.14,-7.25
144,16,-8.34,-6.56
144,17,-12.69,-9.02
144,19,-13.65,-7.81
145,9,-6.73,-8.27
145,11,-7.42,3.32
145,12,-8.2,2.88
145,13,-9.81,3.26
145,15,-7.21,-7.31
145,16,-8.1,-6.54
145,17,-12.53,-9.0
145,19,-13.74,-7.78
146,9,-6.78,-8.32
146,11,-7.44,3.44
146,12,-8.22,3.01
146,13,-9.8,3.3
146,15,-7.31,-7.39
146,16,-7.87,-6.53
146,17,-12.36,-8.98
146,19,-13.8,-7.76
147,9,-6.84,-8.36
147,11,-7.46,3.57
147,12,-8.24,3.13
147,13,-9.79,3.33
147,15,-7.41,-7.48
147,16,-7.65,-6.53
147,17,-12.18,-8.95
148,9,-6.93,-8.41
148,11,-7.48,3.69
148,12,-8.26,3.26
148,13,-9.78,3.33
148,15,-7.53,-7.58
148,16,-7.42,-6.53
148,17,-12.0,-8.93
149,9,-7.04,-8.46
149,11,-7.51,3.81
149,12,-8.28,3.39
149,13,-9.77,3.32
149,15,-7.64,-7.68
149,16,-7.19,-6.54
149,17,-11.83,-8.91
150,9,-7.17,-8.52
150,11,-7.53,3.93
150,12,-8.3,3.51
150,13,-9.75,3.28
150,15,-7.75,-7.77
150,16,-6.96,-6.56
150,17,-11.65,-8.89
151,9,-7.31,-8.57
151,11,-7.55,4.04
151,12,-8.32,3.64
151,13,-9.73,3.23
151,15,-7.87,-7.87
151,16,-6.73,-6.57
151,17,-11.48,-8.88
152,9,-7.45,-8.63
152,11,-7.58,4.13
152,12,-8.34,3.77
152,13,-9.69,3.17
152,15,-7.98,-7.95
152,16,-6.49,-6.59
152,17,-11.32,-8.88
153,9,-7.59,-8.68
153,11,-7.6,4.21
153,12,-8.36,3.9
153,13,-9.65,3.09
153,15,-8.09,-8.02
153,16,-6.25,-6.6
153,17,-11.17,-8.9
154,9,-7.72,-8.74
154,11,-7.63,4.27
154,12,-8.38,4.03
154,13,-9.6,2.99
154,15,-8.19,-8.07
154,16,-6.01,-6.62
154,17,-11.03,-8.92
155,9,-7.85,-8.79
155,11,-7.66,4.33
155,12,-8.4,4.16
155,13,-9.54,2.87
155,15,-8.3,-8.1
155,16,-5.76,-6.63
155,17,-10.89,-8.94
156,9,-7.99,-8.85
156,11,-7.69,4.39
156,12,-8.42,4.28
156,13,-9.47,2.76
156,15,-8.41,-8.12
156,16,-5.51,-6.65
156,17,-10.75,-8.97
157,9,-8.11,-8.9
157,11,-7.72,4.45
157,12,-8.44,4.4
157,13,-9.41,2.63
157,15,-8.52,-8.13
157,16,-5.27,-6.67
157,17,-10.61,-9.0
158,9,-8.23,-8.94
158,11,-7.75,4.51
158,12,-8.45,4.51
158,13,-9.34,2.51
158,15,-8.63,-8.14
158,16,-5.03,-6.68
158,17,-10.47,-9.03
159,9,-8.34,-8.98
159,11,-7.78,4.57
159,12,-8.47,4.6
159,13,-9.27,2.39
159,15,-8.73,-8.15
159,16,-4.79,-6.71
159,17,-10.32,-9.06
160,9,-8.43,-9.0
160,11,-7.81,4.62
160,12,-8.48,4.69
160,13,-9.21,2.27
160,15,-8.84,-8.16
160,16,-4.56,-6.73
160,17,-10.18,-9.1
161,9,-8.51,-9.01
161,11,-7.84,4.68
161,12,-8.5,4.77
161,13,-9.14,2.15
161,15,-8.96,-8.18
161,16,-4.32,-6.75
161,17,-10.04,-9.13
162,9,-8.58,-9.02
162,11,-7.87,4.74
162,12,-8.51,4.85
162,13,-9.07,2.03
162,15,-9.07,-8.2
162,16,-4.09,-6.77
162,17,-9.89,-9.16
163,9,-8.64,-9.02
163,11,-7.9,4.8
163,12,-8.52,4.94
163,13,-9.01,1.91
163,15,-9.18,-8.23
163,16,-3.85,-6.8
163,17,-9.74,-9.19
164,9,-8.7,-9.01
164,11,-7.93,4.85
164,12,-8.54,5.02
164,13,-8.94,1.79
164,15,-9.3,-8.25
164,16,-3.61,-6.82
164,17,-9.59,-9.22
165,9,-8.75,-9.01
165,11,-7.96,4.91
165,12,-8.55,5.1
165,13,-8.88,1.67
165,15,-9.42,-8.27
165,16,-3.36,-6.85
165,17,-9.44,-9.25
166,9,-8.81,-9.0
166,11,-7.99,4.97
166,12,-8.57,5.18
166,13,-8.81,1.55
166,15,-9.55,-8.28
166,16,-3.12,-6.87
166,17,-9.29,-9.29
167,9,-8.87,-9.0
167,11,-8.01,5.03
167,12,-8.58,5.26
167,13,-8.74,1.43
167,15,-9.69,-8.29
167,16,-2.86,-6.9
167,17,-9.13,-9.32
168,9,-8.93,-9.0
168,11,-8.04,5.09
168,12,-8.59,5.34
168,13,-8.68,1.31
168,15,-9.83,-8.29
168,16,-2.61,-6.92
168,17,-8.98,-9.35
169,9,-9.0,-9.0
169,11,-8.07,5.14
169,12,-8.61,5.43
169,13,-8.61,1.19
169,15,-9.97,-8.29
169,16,-2.35,-6.95
169,17,-8.82,-9.39
170,9,-9.07,-9.01
170,11,-8.09,5.19
170,12,-8.62,5.51
170,13,-8.55,1.07
170,15,-10.11,-8.29
170,16,-2.09,-6.98
170,17,-8.66,-9.42
171,9,-9.17,-9.02
171,11,-8.1,5.24
171,12,-8.63,5.58
171,13,-8.48,0.95
171,15,-10.25,-8.29
171,16,-1.82,-7.0
171,17,-8.5,-9.46
172,9,-9.28,-9.05
172,11,-8.11,5.29
172,12,-8.65,5.64
172,13,-8.42,0.83
172,15,-10.39,-8.29
172,16,-1.55,-7.03
172,17,-8.34,-9.49
173,9,-9.4,-9.08
173,11,-8.11,5.33
173,12,-8.66,5.69
173,13,-8.35,0.71
173,15,-10.52,-8.29
173,16,-1.28,-7.06
173,17,-8.18,-9.53
174,9,-9.52,-9.12
174,11,-8.12,5.38
174,12,-8.68,5.73
174,13,-8.29,0.59
174,15,-10.66,-8.29
174,16,-1.01,-7.08
174,17,-8.01,-9.56
175,9,-9.65,-9.16
175,11,-8.11,5.42
175,12,-8.69,5.75
175,13,-8.22,0.47
175,15,-10.79,-8.29
175,16,-0.75,-7.1
175,17,-7.84,-9.6
176,9,-9.77,-9.19
176,11,-8.11,5.46
176,12,-8.7,5.77
176,13,-8.16,0.34
176,15,-10.93,-8.29
176,16,-0.48,-7.12
176,17,-7.67,-9.63
177,9,-9.9,-9.23
177,11,-8.11,5.5
177,12,-8.72,5.78
177,13,-8.09,0.21
177,15,-11.06,-8.29
177,16,-0.22,-7.14
177,17,-7.5,-9.66
178,9,-10.03,-9.28
178,11,-8.11,5.54
178,12,-8.73,5.8
178,13,-8.03,0.06
178,15,-11.2,-8.3
178,16,0.05,-7.16
178,17,-7.33,-9.68
179,9,-10.16,-9.33
179,11,-8.11,5.59
179,12,-8.74,5.81
179,13,-7.97,-0.08
179,15,-11.34,-8.31
179,16,0.31,-7.18
179,17,-7.16,-9.68
180,9,-10.31,-9.39
180,11,-8.11,5.63
180,12,-8.76,5.83
180,13,-7.9,-0.23
180,15,-11.48,-8.32
180,16,0.58,-7.2
180,17,-6.98,-9.68
181,9,-10.46,-9.46
181,11,-8.11,5.67
181,12,-8.77,5.84
181,13,-7.84,-0.38
181,15,-11.63,-8.33
181,16,0.86,-7.22
181,17,-6.78,-9.66
182,9,-10.62,-9.54
182,11,-8.11,5.71
182,12,-8.79,5.85
182,13,-7.78,-0.53
182,15,-11.77,-8.34
182,16,1.14,-7.24
182,17,-6.58,-9.66
183,9,-10.78,-9.62
183,11,-8.11,5.76
183,12,-8.8,5.87
183,13,-7.71,-0.68
183,15,-11.91,-8.35
183,16,1.42,-7.25
183,17,-6.37,-9.67
184,9,-10.94,-9.7
184,11,-8.1,5.8
184,12,-8.81,5.88
184,13,-7.65,-0.83
184,15,-12.04,-8.37
184,16,1.7,-7.27
184,17,-6.15,-9.69
185,9,-11.09,-9.77
185,11,-8.1,5.83
185,12,-8.83,5.9
185,13,-7.59,-0.98
185,15,-12.18,-8.38
185,16,2.0,-7.29
185,17,-5.92,-9.72
186,9,-11.24,-9.85
186,11,-8.1,5.87
186,12,-8.84,5.91
186,13,-7.53,-1.12
186,15,-12.31,-8.39
186,16,2.29,-7.31
186,17,-5.69,-9.75
187,9,-11.39,-9.93
187,11,-8.1,5.89
187,12,-8.85,5.91
187,13,-7.46,-1.27
187,15,-12.44,-8.41
187,16,2.59,-7.33
187,17,-5.45,-9.77
188,9,-11.54,-10.0
188,11,-8.1,5.91
188,12,-8.85,5.9
188,13,-7.4,-1.42
188,15,-12.57,-8.44
188,16,2.89,-7.35
188,17,-5.22,-9.8
189,9,-11.69,-10.08
189,11,-8.09,5.93
189,12,-8.85,5.89
189,13,-7.33,-1.56
189,15,-12.69,-8.49
189,16,3.2,-7.37
189,17,-4.98,-9.83
190,9,-11.83,-10.15
190,11,-8.09,5.94
190,12,-8.84,5.87
190,13,-7.25,-1.71
190,15,-12.81,-8.55
190,16,3.52,-7.4
190,17,-4.74,-9.85
191,9,-11.97,-10.22
191,11,-8.09,5.95
191,12,-8.83,5.84
191,13,-7.16,-1.85
191,15,-12.94,-8.63
191,16,3.83,-7.42
191,17,-4.5,-9.87
192,9,-12.1,-10.29
192,11,-8.08,5.95
192,12,-8.82,5.81
192,13,-7.08,-1.99
192,15,-13.07,-8.72
192,16,4.16,-7.44
192,17,-4.27,-9.87
193,9,-12.24,-10.36
193,11,-8.08,5.96
193,12,-8.82,5.79
193,13,-6.98,-2.14
193,15,-13.2,-8.82
193,16,4.48,-7.46
193,17,-4.05,-9.87
194,9,-12.37,-10.42
194,11,-8.08,5.97
194,12,-8.81,5.76
194,13,-6.89,-2.28
194,15,-13.33,-8.92
194,16,4.82,-7.48
194,17,-3.82,-9.86
195,9,-12.5,-10.49
195,11,-8.07,5.98
195,12,-8.8,5.73
195,13,-6.8,-2.42
195,15,-13.46,-9.02
195,16,5.15,-7.5
195,17,-3.6,-9.84
196,9,-12.63,-10.55
196,11,-8.07,5.99
196,12,-8.79,5.71
196,13,-6.7,-2.56
196,15,-13.59,-9.12
196,16,5.48,-7.52
196,17,-3.38,-9.82
197,9,-12.75,-10.62
197,11,-8.07,5.98
197,12,-8.78,5.68
197,13,-6.61,-2.71
197,15,-13.71,-9.22
197,16,5.8,-7.54
197,17,-3.15,-9.8
198,9,-12.88,-10.68
198,11,-8.06,5.97
198,12,-8.77,5.65
198,13,-6.52,-2.85
198,15,-13.83,-9.31
198,16,6.1,-7.55
198,17,-2.92,-9.78
199,9,-13.01,-10.75
199,11,-8.06,5.94
199,12,-8.76,5.63
199,13,-6.43,-2.99
199,15,-13.94,-9.39
199,16,6.39,-7.56
199,17,-2.68,-9.75
200,9,-13.14,-10.82
200,11,-8.06,5.89
200,12,-8.76,5.6
200,13,-6.33,-3.13
200,15,-14.05,-9.47
200,16,6.66,-7.56
200,17,-2.44,-9.73
201,9,-13.27,-10.9
201,11,-8.05,5.82
201,12,-8.75,5.57
201,13,-6.24,-3.27
201,15,-14.15,-9.55
201,16,6.93,-7.56
201,17,-2.2,-9.71
202,9,-13.4,-10.99
202,11,-8.05,5.75
202,12,-8.74,5.55
202,13,-6.15,-3.41
202,15,-14.24,-9.62
202,16,7.2,-7.56
202,17,-1.95,-9.69
203,9,-13.53,-11.08
203,11,-8.05,5.68
203,12,-8.73,5.52
203,13,-6.06,-3.55
203,15,-14.33,-9.68
203,16,7.48,-7.56
203,17,-1.71,-9.68
204,9,-13.64,-11.18
204,11,-8.04,5.61
204,12,-8.72,5.49
204,13,-5.96,-3.7
204,15,-14.39,-9.73
204,16,7.76,-7.57
204,17,-1.47,-9.67
205,9,-13.73,-11.29
205,11,-8.04,5.54
205,12,-8.71,5.47
205,13,-5.86,-3.84
205,15,-14.44,-9.77
205,16,8.05,-7.57
205,17,-1.23,-9.68
206,9,-13.81,-11.4
206,11,-8.03,5.46
206,12,-8.7,5.44
206,13,-5.76,-3.98
206,16,8.35,-7.58
206,17,-1.0,-9.71
207,9,-13.87,-11.5
207,11,-8.03,5.39
207,12,-8.7,5.41
207,13,-5.66,-4.12
207,16,8.65,-7.59
207,17,-0.77,-9.74
208,9,-13.92,-11.6
208,11,-8.03,5.32
208,12,-8.69,5.37
208,13,-5.56,-4.27
208,16,8.95,-7.6
208,17,-0.55,-9.79
209,9,-13.94,-11.7
209,11,-8.02,5.25
209,12,-8.69,5.32
209,13,-5.46,-4.41
209,16,9.26,-7.61
209,17,-0.32,-9.83
210,9,-13.95,-11.79
210,11,-8.02,5.18
210,12,-8.69,5.26
210,13,-5.35,-4.55
210,16,9.58,-7.62
210,17,-0.1,-9.88
211,9,-13.94,-11.88
211,11,-8.01,5.1
211,12,-8.69,5.18
211,13,-5.25,-4.7
211,16,9.9,-7.63
211,17,0.13,-9.93
212,9,-13.91,-11.96
212,11,-8.01,5.03
212,12,-8.7,5.08
212,13,-5.15,-4.84
212,16,10.22,-7.64
212,17,0.35,-9.98
213,9,-13.85,-12.03
213,11,-8.01,4.96
213,12,-8.7,4.98
213,13,-5.05,-4.98
213,16,10.54,-7.65
213,17,0.57,-10.02
214,9,-13.77,-12.09
214,11,-8.0,4.89
214,12,-8.71,4.87
214,13,-4.94,-5.13
214,16,10.86,-7.65
214,17,0.78,-10.07
215,9,-13.68,-12.15
215,11,-8.0,4.82
215,12,-8.72,4.77
215,13,-4.84,-5.27
215,16,11.15,-7.66
215,17,0.98,-10.12
216,9,-13.59,-12.21
216,11,-8.0,4.75
216,12,-8.73,4.67
216,13,-4.73,-5.41
216,16,11.39,-7.67
216,17,1.18,-10.16
217,9,-13.49,-12.27
217,11,-8.0,4.67
217,12,-8.74,4.56
217,13,-4.62,-5.54
217,16,11.56,-7.67
217,17,1.39,-10.21
218,9,-13.4,-12.32
218,11,-8.0,4.58
218,12,-8.74,4.46
218,13,-4.5,-5.66
218,17,1.59,-10.26
219,9,-13.3,-12.37
219,11,-8.01,4.49
219,12,-8.75,4.36
219,13,-4.35,-5.77
219,17,1.8,-10.31
220,9,-13.19,-12.4
220,11,-8.02,4.4
220,12,-8.76,4.26
220,13,-4.19,-5.87
220,17,2.01,-10.36
221,9,-13.08,-12.41
221,11,-8.03,4.31
221,12,-8.77,4.15
221,13,-4.01,-5.95
221,17,2.22,-10.41
222,9,-12.95,-12.4
222,11,-8.04,4.21
222,12,-8.78,4.05
222,13,-3.82,-6.03
222,17,2.43,-10.46
223,1,-13.62,-7.97
223,9,-12.82,-12.37
223,11,-8.05,4.12
223,12,-8.78,3.95
223,13,-3.63,-6.1
223,17,2.65,-10.51
224,1,-13.53,-7.9
224,9,-12.68,-12.34
224,11,-8.06,4.02
224,12,-8.79,3.85
224,13,-3.44,-6.16
224,17,2.86,-10.55
225,1,-13.41,-7.82
225,9,-12.54,-12.3
225,11,-8.07,3.93
225,12,-8.8,3.76
225,13,-3.25,-6.21
225,17,3.07,-10.6
226,1,-13.28,-7.74
226,9,-12.39,-12.25
226,11,-8.08,3.83
226,12,-8.81,3.66
226,13,-3.06,-6.25
226,17,3.28,-10.64
227,1,-13.14,-7.65
227,9,-12.24,-12.21
227,11,-8.09,3.74
227,12,-8.82,3.56
227,13,-2.87,-6.27
227,17,3.47,-10.67
228,1,-13.0,-7.58
228,9,-12.09,-12.17
228,11,-8.11,3.65
228,12,-8.82,3.46
228,13,-2.68,-6.29
228,17,3.66,-10.69
229,1,-12.85,-7.5
229,9,-11.94,-12.12
229,11,-8.12,3.56
229,12,-8.83,3.36
229,13,-2.49,-6.31
229,17,3.83,-10.7
230,1,-12.7,-7.42
230,9,-11.78,-12.08
230,11,-8.13,3.46
230,12,-8.84,3.27
230,13,-2.3,-6.33
230,14,-14.69,-10.95
230,17,4.0,-10.71
231,1,-12.55,-7.34
231,9,-11.63,-12.03
231,11,-8.14,3.37
231,12,-8.85,3.17
231,13,-2.1,-6.34
231,14,-14.61,-10.91
231,17,4.17,-10.72
232,1,-12.39,-7.26
232,9,-11.47,-11.98
232,11,-8.15,3.28
232,12,-8.85,3.08
232,13,-1.91,-6.36
232,14,-14.52,-10.87
232,17,4.32,-10.73
233,1,-12.24,-7.18
233,9,-11.32,-11.93
233,11,-8.16,3.19
233,12,-8.86,2.98
233,13,-1.71,-6.38
233,14,-14.43,-10.83
233,17,4.44,-10.73
234,1,-12.07,-7.1
234,9,-11.17,-11.88
234,11,-8.17,3.1
234,12,-8.87,2.89
234,13,-1.51,-6.4
234,14,-14.33,-10.8
234,17,4.53,-10.73
235,1,-11.91,-7.02
235,9,-11.02,-11.82
235,11,-8.18,3.01
235,12,-8.88,2.79
235,13,-1.3,-6.42
235,14,-14.24,-10.77
235,17,4.58,-10.73
236,1,-11.75,-6.94
236,9,-10.87,-11.77
236,11,-8.19,2.92
236,12,-8.89,2.7
236,13,-1.1,-6.44
236,14,-14.14,-10.74
236,17,4.61,-10.72
237,1,-11.59,-6.87
237,9,-10.72,-11.71
237,11,-8.2,2.83
237,12,-8.9,2.62
237,13,-0.89,-6.46
237,14,-14.05,-10.72
237,17,4.62,-10.71
238,1,-11.43,-6.81
238,9,-10.56,-11.65
238,11,-8.21,2.74
238,12,-8.91,2.53
238,13,-0.68,-6.47
238,14,-13.95,-10.69
238,17,4.63,-10.71
239,1,-11.27,-6.75
239,9,-10.4,-11.59
239,11,-8.22,2.66
239,12,-8.93,2.45
239,13,-0.47,-6.49
239,14,-13.85,-10.66
239,17,4.64,-10.7
240,1,-11.11,-6.69
240,9,-10.24,-11.53
240,11,-8.23,2.57
240,12,-8.94,2.38
240,13,-0.25,-6.51
240,14,-13.76,-10.64
240,17,4.64,-10.69
241,1,-10.95,-6.63
241,9,-10.08,-11.47
241,11,-8.24,2.48
241,12,-8.96,2.3
241,13,-0.04,-6.53
241,14,-13.66,-10.61
241,17,4.65,-10.68
242,1,-10.79,-6.57
242,9,-9.92,-11.41
242,11,-8.25,2.4
242,12,-8.97,2.22
242,13,0.17,-6.55
242,14,-13.56,-10.58
242,17,4.65,-10.68
243,1,-10.62,-6.51
243,9,-9.75,-11.36
243,11,-8.26,2.32
243,12,-8.99,2.14
243,13,0.38,-6.56
243,14,-13.46,-10.55
243,17,4.66,-10.67
244,1,-10.46,-6.46
244,9,-9.59,-11.3
244,11,-8.26,2.25
244,12,-9.0,2.07
244,13,0.57,-6.57
244,14,-13.35,-10.52
244,17,4.66,-10.66
245,1,-10.3,-6.42
245,9,-9.42,-11.25
245,11,-8.27,2.18
245,12,-9.02,1.99
245,13,0.75,-6.57
245,14,-13.24,-10.49
245,17,4.66,-10.66
246,1,-10.15,-6.39
246,9,-9.26,-11.2
246,11,-8.27,2.1
246,12,-9.03,1.91
246,13,0.92,-6.56
246,14,-13.13,-10.45
246,17,4.67,-10.66
247,1,-10.0,-6.36
247,9,-9.09,-11.15
247,11,-8.27,2.03
247,12,-9.05,1.84
247,13,1.09,-6.55
247,14,-13.0,-10.41
247,17,4.67,-10.66
248,1,-9.85,-6.34
248,9,-8.93,-11.1
248,11,-8.28,1.97
248,12,-9.06,1.76
248,13,1.26,-6.54
248,14,-12.85,-10.36
248,17,4.68,-10.67
249,1,-9.7,-6.32
249,9,-8.76,-11.05
249,11,-8.28,1.9
249,12,-9.07,1.67
249,13,1.43,-6.54
249,14,-12.69,-10.31
249,17,4.68,-10.67
250,1,-9.54,-6.3
250,9,-8.58,-11.0
250,11,-8.28,1.83
250,12,-9.07,1.58
250,13,1.6,-6.52
250,14,-12.54,-10.26
250,17,4.68,-10.68
251,1,-9.39,-6.27
251,9,-8.4,-10.95
251,11,-8.29,1.76
251,12,-9.07,1.49
251,13,1.77,-6.51
251,14,-12.39,-10.23
251,17,4.69,-10.69
252,1,-9.23,-6.25
252,9,-8.22,-10.89
252,11,-8.29,1.69
252,12,-9.07,1.38
252,13,1.95,-6.5
252,14,-12.26,-10.2
252,17,4.69,-10.69
253,1,-9.07,-6.23
253,9,-8.04,-10.84
253,11,-8.29,1.62
253,12,-9.06,1.28
253,13,2.13,-6.48
253,14,-12.13,-10.19
253,17,4.69,-10.7
254,1,-8.91,-6.21
254,9,-7.85,-10.78
254,11,-8.29,1.55
254,12,-9.06,1.17
254,13,2.31,-6.46
254,14,-12.0,-10.18
254,17,4.69,-10.7
255,1,-8.75,-6.18
255,9,-7.66,-10.73
255,11,-8.3,1.48
255,12,-9.05,1.07
255,13,2.49,-6.44
255,14,-11.88,-10.17
255,17,4.7,-10.71
256,1,-8.58,-6.16
256,9,-7.47,-10.67
256,11,-8.3,1.41
256,12,-9.05,0.97
256,13,2.67,-6.42
256,14,-11.75,-10.17
256,17,4.7,-10.72
257,1,-8.41,-6.14
257,9,-7.27,-10.61
257,11,-8.3,1.33
257,12,-9.04,0.86
257,13,2.86,-6.4
257,14,-11.63,-10.18
257,17,4.7,-10.72
258,1,-8.24,-6.11
258,9,-7.07,-10.55
258,11,-8.3,1.23
258,12,-9.03,0.76
258,13,3.04,-6.38
258,14,-11.51,-10.19
258,17,4.71,-10.73
259,1,-8.07,-6.09
259,9,-6.87,-10.49
259,11,-8.3,1.12
259,12,-9.03,0.66
259,13,3.23,-6.36
259,14,-11.39,-10.21
259,17,4.71,-10.74
260,1,-7.89,-6.06
260,9,-6.66,-10.43
260,11,-8.29,1.01
260,12,-9.02,0.55
260,13,3.42,-6.33
260,14,-11.27,-10.23
260,17,4.71,-10.74
261,1,-7.72,-6.04
261,9,-6.46,-10.36
261,11,-8.29,0.89
261,12,-9.02,0.45
261,13,3.62,-6.31
261,14,-11.14,-10.26
261,17,4.72,-10.75
262,1,-7.54,-6.01
262,9,-6.26,-10.3
262,11,-8.28,0.77
262,12,-9.02,0.35
262,13,3.81,-6.29
262,14,-11.02,-10.29
262,17,4.72,-10.76
263,1,-7.36,-5.99
263,9,-6.05,-10.23
263,11,-8.27,0.65
263,12,-9.02,0.25
263,13,4.01,-6.27
263,14,-10.9,-10.31
263,17,4.72,-10.76
264,1,-7.17,-5.96
264,9,-5.85,-10.16
264,11,-8.27,0.53
264,12,-9.03,0.15
264,13,4.21,-6.24
264,14,-10.78,-10.34
264,17,4.72,-10.77
265,1,-6.98,-5.93
265,9,-5.66,-10.08
265,11,-8.26,0.42
265,12,-9.04,0.05
265,13,4.41,-6.22
265,14,-10.65,-10.37
265,17,4.73,-10.77
266,1,-6.79,-5.91
266,9,-5.47,-10.01
266,11,-8.26,0.3
266,12,-9.06,-0.04
266,13,4.61,-6.2
266,14,-10.53,-10.39
266,17,4.73,-10.78
267,1,-6.6,-5.88
267,9,-5.3,-9.93
267,11,-8.25,0.18
267,12,-9.08,-0.14
267,13,4.82,-6.17
267,14,-10.4,-10.42
267,17,4.74,-10.79
268,1,-6.41,-5.85
268,9,-5.12,-9.84
268,11,-8.25,0.07
268,12,-9.1,-0.24
268,13,5.03,-6.15
268,14,-10.28,-10.43
268,17,4.76,-10.79
269,1,-6.21,-5.83
269,9,-4.95,-9.76
269,11,-8.25,-0.05
269,12,-9.12,-0.33
269,13,5.23,-6.13
269,14,-10.15,-10.44
269,17,4.79,-10.8
270,1,-6.01,-5.8
270,9,-4.78,-9.67
270,11,-8.25,-0.16
270,12,-9.14,-0.43
270,13,5.41,-6.12
270,14,-10.03,-10.44
270,17,4.84,-10.8
271,1,-5.8,-5.77
271,9,-4.61,-9.58
271,11,-8.26,-0.26
271,12,-9.16,-0.52
271,13,5.57,-6.12
271,14,-9.9,-10.44
271,17,4.92,-10.81
272,1,-5.6,-5.74
272,9,-4.43,-9.49
272,11,-8.28,-0.37
272,12,-9.18,-0.61
272,13,5.67,-6.15
272,14,-9.78,-10.43
272,17,5.01,-10.81
273,1,-5.39,-5.71
273,9,-4.26,-9.4
273,11,-8.3,-0.47
273,12,-9.2,-0.7
273,13,5.73,-6.2
273,14,-9.65,-10.42
273,17,5.11,-10.82
274,1,-5.17,-5.68
274,9,-4.08,-9.3
274,11,-8.33,-0.56
274,12,-9.22,-0.8
274,13,5.76,-6.26
274,14,-9.52,-10.41
274,17,5.22,-10.82
275,1,-4.96,-5.65
275,9,-3.91,-9.21
275,11,-8.35,-0.66
275,12,-9.25,-0.89
275,13,5.77,-6.33
275,14,-9.4,-10.41
275,17,5.32,-10.84
276,1,-4.75,-5.63
276,9,-3.75,-9.11
276,11,-8.38,-0.75
276,12,-9.27,-0.98
276,13,5.77,-6.4
276,14,-9.26,-10.4
276,17,5.42,-10.86
277,1,-4.54,-5.62
277,9,-3.6,-9.01
277,11,-8.4,-0.85
277,12,-9.29,-1.07
277,13,5.76,-6.47
277,14,-9.13,-10.39
277,17,5.52,-10.9
278,1,-4.33,-5.61
278,9,-3.46,-8.91
278,11,-8.43,-0.94
278,12,-9.31,-1.16
278,13,5.74,-6.54
278,14,-9.0,-10.38
278,17,5.6,-10.94
279,1,-4.12,-5.61
279,9,-3.32,-8.81
279,11,-8.45,-1.04
279,12,-9.33,-1.25
279,13,5.69,-6.6
279,14,-8.86,-10.37
279,17,5.65,-10.97
280,1,-3.92,-5.61
280,9,-3.18,-8.71
280,11,-8.48,-1.13
280,12,-9.35,-1.34
280,13,5.61,-6.65
280,14,-8.73,-10.36
281,1,-3.71,-5.61
281,9,-3.05,-8.6
281,11,-8.51,-1.22
281,12,-9.37,-1.43
281,13,5.48,-6.69
281,14,-8.59,-10.35
282,1,-3.5,-5.61
282,9,-2.93,-8.48
282,11,-8.53,-1.31
282,12,-9.39,-1.51
282,13,5.32,-6.72
282,14,-8.46,-10.35
283,1,-3.28,-5.61
283,9,-2.81,-8.36
283,11,-8.55,-1.41
283,12,-9.41,-1.6
283,13,5.12,-6.76
283,14,-8.34,-10.36
284,1,-3.07,-5.61
284,9,-2.7,-8.24
284,11,-8.58,-1.5
284,12,-9.42,-1.69
284,13,4.9,-6.8
284,14,-8.22,-10.37
285,1,-2.85,-5.61
285,9,-2.59,-8.11
285,11,-8.6,-1.59
285,12,-9.44,-1.78
285,13,4.67,-6.85
285,14,-8.1,-10.39
286,1,-2.63,-5.61
286,9,-2.49,-7.98
286,11,-8.63,-1.68
286,12,-9.46,-1.86
286,13,4.43,-6.9
286,14,-7.98,-10.41
287,1,-2.41,-5.62
287,9,-2.38,-7.85
287,11,-8.65,-1.77
287,12,-9.48,-1.95
287,13,4.18,-6.95
287,14,-7.87,-10.43
288,1,-2.2,-5.64
288,9,-2.27,-7.72
288,11,-8.68,-1.86
288,12,-9.5,-2.03
288,13,3.95,-6.99
288,14,-7.75,-10.45
289,1,-2.0,-5.66
289,9,-2.17,-7.58
289,11,-8.7,-1.94
289,12,-9.52,-2.12
289,13,3.71,-7.04
289,14,-7.63,-10.47
290,1,-1.81,-5.7
290,9,-2.08,-7.44
290,11,-8.72,-2.03
290,12,-9.54,-2.2
290,13,3.48,-7.09
290,14,-7.51,-10.48
291,1,-1.63,-5.74
291,9,-2.01,-7.3
291,11,-8.75,-2.12
291,12,-9.56,-2.29
291,13,3.25,-7.13
291,14,-7.39,-10.48
292,1,-1.45,-5.79
292,9,-1.99,-7.16
292,11,-8.78,-2.22
292,12,-9.59,-2.37
292,13,3.02,-7.18
292,14,-7.26,-10.48
293,1,-1.27,-5.84
293,9,-2.0,-7.02
293,11,-8.81,-2.33
293,12,-9.62,-2.47
293,13,2.8,-7.22
293,14,-7.14,-10.46
294,1,-1.1,-5.89
294,9,-2.03,-6.88
294,11,-8.85,-2.45
294,12,-9.66,-2.57
294,13,2.58,-7.26
294,14,-7.01,-10.45
295,1,-0.92,-5.94
295,9,-2.09,-6.74
295,11,-8.89,-2.59
295,12,-9.71,-2.68
295,13,2.35,-7.3
295,14,-6.88,-10.43
296,1,-0.74,-5.99
296,9,-2.15,-6.6
296,11,-8.94,-2.75
296,12,-9.76,-2.79
296,13,2.13,-7.33
296,14,-6.74,-10.41
297,1,-0.56,-6.04
297,9,-2.21,-6.46
297,11,-9.0,-2.9
297,12,-9.82,-2.91
297,13,1.89,-7.35
297,14,-6.61,-10.39
298,1,-0.37,-6.1
298,9,-2.27,-6.32
298,11,-9.06,-3.05
298,12,-9.89,-3.03
298,13,1.65,-7.35
298,14,-6.47,-10.37
299,1,-0.2,-6.16
299,9,-2.34,-6.18
299,11,-9.12,-3.2
299,12,-9.95,-3.14
299,13,1.4,-7.35
299,14,-6.34,-10.35
300,1,-0.03,-6.24
300,9,-2.4,-6.04
300,11,-9.18,-3.33
300,12,-10.01,-3.26
300,13,1.16,-7.34
300,14,-6.2,-10.34
301,1,0.12,-6.34
301,9,-2.46,-5.89
301,11,-9.25,-3.46
301,12,-10.07,-3.37
301,13,0.91,-7.33
301,14,-6.06,-10.32
302,1,0.26,-6.47
302,9,-2.52,-5.75
302,11,-9.32,-3.59
302,12,-10.12,-3.48
302,13,0.67,-7.32
302,14,-5.92,-10.3
303,1,0.39,-6.6
303,9,-2.59,-5.61
303,11,-9.39,-3.72
303,12,-10.18,-3.59
303,13,0.43,-7.31
303,14,-5.77,-10.28
304,1,0.51,-6.75
304,9,-2.66,-5.46
304,11,-9.46,-3.84
304,12,-10.24,-3.7
304,13,0.19,-7.3
304,14,-5.63,-10.26
305,1,0.63,-6.9
305,9,-2.73,-5.32
305,11,-9.53,-3.97
305,12,-10.3,-3.81
305,13,-0.04,-7.3
305,14,-5.48,-10.24
306,1,0.73,-7.05
306,9,-2.83,-5.18
306,11,-9.59,-4.09
306,12,-10.35,-3.92
306,13,-0.27,-7.29
306,14,-5.33,-10.21
307,1,0.8,-7.19
307,9,-2.95,-5.04
307,11,-9.66,-4.21
307,12,-10.41,-4.03
307,13,-0.5,-7.28
307,14,-5.18,-10.19
308,1,0.83,-7.32
308,9,-3.09,-4.9
308,11,-9.72,-4.33
308,12,-10.46,-4.13
308,13,-0.72,-7.27
308,14,-5.04,-10.17
309,1,0.83,-7.45
309,9,-3.24,-4.77
309,11,-9.79,-4.44
309,12,-10.52,-4.24
309,13,-0.95,-7.26
309,14,-4.9,-10.15
310,1,0.81,-7.56
310,9,-3.41,-4.64
310,11,-9.85,-4.56
310,12,-10.57,-4.34
310,13,-1.17,-7.25
310,14,-4.78,-10.13
311,1,0.77,-7.68
311,9,-3.57,-4.5
311,11,-9.91,-4.67
311,12,-10.63,-4.44
311,13,-1.38,-7.25
311,14,-4.66,-10.1
312,1,0.72,-7.79
312,9,-3.74,-4.37
312,11,-9.98,-4.79
312,12,-10.68,-4.55
312,13,-1.6,-7.24
312,14,-4.55,-10.08
313,1,0.66,-7.89
313,9,-3.91,-4.24
313,11,-10.04,-4.9
313,12,-10.73,-4.65
313,13,-1.81,-7.23
313,14,-4.45,-10.05
314,1,0.6,-7.98
314,9,-4.07,-4.12
314,11,-10.1,-5.01
314,12,-10.78,-4.74
314,13,-2.02,-7.23
314,14,-4.35,-10.03
315,1,0.51,-8.05
315,9,-4.23,-4.01
315,11,-10.16,-5.12
315,12,-10.84,-4.84
315,13,-2.24,-7.22
315,14,-4.26,-10.0
316,1,0.39,-8.09
316,9,-4.38,-3.92
316,11,-10.22,-5.23
316,12,-10.89,-4.94
316,13,-2.45,-7.22
316,14,-4.18,-9.98
317,1,0.25,-8.12
317,9,-4.53,-3.84
317,11,-10.28,-5.34
317,12,-10.94,-5.04
317,13,-2.66,-7.22
317,14,-4.12,-9.95
318,1,0.09,-8.14
318,9,-4.67,-3.78
318,11,-10.34,-5.44
318,12,-10.99,-5.13
318,13,-2.88,-7.22
318,14,-4.07,-9.93
319,1,-0.08,-8.15
319,9,-4.82,-3.72
319,11,-10.4,-5.55
319,12,-11.04,-5.23
319,13,-3.09,-7.22
319,14,-4.05,-9.91
320,1,-0.25,-8.15
320,9,-4.95,-3.66
320,11,-10.46,-5.65
320,12,-11.09,-5.32
320,13,-3.29,-7.22
320,14,-4.06,-9.89
321,1,-0.42,-8.15
321,9,-5.09,-3.61
321,11,-10.52,-5.75
321,12,-11.14,-5.41
321,13,-3.5,-7.22
321,14,-4.09,-9.88
322,1,-0.6,-8.14
322,9,-5.23,-3.55
322,11,-10.6,-5.86
322,12,-11.18,-5.51
322,13,-3.7,-7.22
322,14,-4.16,-9.88
323,1,-0.78,-8.13
323,9,-5.37,-3.5
323,11,-10.68,-5.95
323,12,-11.24,-5.59
323,13,-3.9,-7.22
323,14,-4.27,-9.88
324,1,-0.97,-8.1
324,9,-5.51,-3.46
324,11,-10.77,-6.05
324,12,-11.29,-5.68
324,13,-4.1,-7.22
324,14,-4.4,-9.88
325,1,-1.16,-8.06
325,9,-5.64,-3.42
325,11,-10.86,-6.15
325,12,-11.35,-5.76
325,13,-4.29,-7.22
325,14,-4.54,-9.89
326,1,-1.35,-8.02
326,9,-5.78,-3.39
326,11,-10.94,-6.24
326,12,-11.42,-5.83
326,13,-4.48,-7.22
326,14,-4.69,-9.9
327,1,-1.54,-7.98
327,9,-5.92,-3.37
327,11,-11.03,-6.34
327,12,-11.48,-5.9
327,13,-4.67,-7.23
327,14,-4.85,-9.92
328,1,-1.73,-7.93
328,9,-6.05,-3.35
328,11,-11.12,-6.43
328,12,-11.55,-5.97
328,13,-4.86,-7.23
328,14,-5.0,-9.93
329,1,-1.92,-7.89
329,9,-6.18,-3.34
329,11,-11.2,-6.52
329,12,-11.63,-6.03
329,13,-5.04,-7.23
329,14,-5.16,-9.95
330,1,-2.11,-7.85
330,9,-6.31,-3.35
330,11,-11.29,-6.61
330,12,-11.7,-6.1
330,13,-5.23,-7.23
330,14,-5.31,-9.96
331,1,-2.29,-7.81
331,9,-6.42,-3.38
331,11,-11.37,-6.7
331,12,-11.77,-6.18
331,13,-5.41,-7.23
331,14,-5.46,-9.98
332,1,-2.47,-7.77
332,9,-6.52,-3.46
332,11,-11.45,-6.78
332,12,-11.85,-6.26
332,13,-5.59,-7.23
332,14,-5.61,-9.99
333,1,-2.65,-7.73
333,9,-6.6,-3.57
333,11,-11.54,-6.87
333,12,-11.93,-6.35
333,13,-5.76,-7.23
333,14,-5.75,-10.01
334,1,-2.83,-7.69
334,9,-6.67,-3.71
334,11,-11.62,-6.96
334,12,-12.01,-6.45
334,13,-5.94,-7.23
334,14,-5.9,-10.02
335,1,-3.01,-7.65
335,9,-6.73,-3.86
335,11,-11.7,-7.04
335,12,-12.1,-6.55
335,13,-6.11,-7.23
335,14,-6.06,-10.04
336,1,-3.19,-7.61
336,9,-6.77,-4.03
336,11,-11.79,-7.13
336,12,-12.18,-6.65
336,13,-6.28,-7.23
336,14,-6.22,-10.06
337,1,-3.36,-7.57
337,9,-6.8,-4.2
337,11,-11.87,-7.21
337,12,-12.26,-6.75
337,13,-6.45,-7.23
337,14,-6.38,-10.09
338,1,-3.53,-7.53
338,9,-6.82,-4.37
338,11,-11.96,-7.29
338,12,-12.34,-6.84
338,13,-6.62,-7.23
338,14,-6.55,-10.11
339,1,-3.71,-7.49
339,9,-6.84,-4.54
339,11,-12.05,-7.37
339,12,-12.42,-6.94
339,13,-6.78,-7.23
339,14,-6.72,-10.14
340,1,-3.88,-7.45
340,9,-6.84,-4.71
340,11,-12.14,-7.45
340,12,-12.5,-7.03
340,13,-6.94,-7.23
340,14,-6.88,-10.17
341,1,-4.04,-7.41
341,9,-6.83,-4.87
341,11,-12.22,-7.53
341,12,-12.58,-7.12
341,13,-7.11,-7.23
341,14,-7.05,-10.2
342,1,-4.21,-7.38
342,9,-6.81,-5.03
342,11,-12.31,-7.61
342,12,-12.66,-7.21
342,13,-7.27,-7.23
342,14,-7.21,-10.23
343,1,-4.38,-7.34
343,9,-6.77,-5.16
343,11,-12.39,-7.69
343,12,-12.73,-7.3
343,13,-7.42,-7.23
343,14,-7.37,-10.26
344,1,-4.54,-7.3
344,9,-6.7,-5.29
344,11,-12.48,-7.77
344,12,-12.81,-7.38
344,13,-7.58,-7.23
344,14,-7.53,-10.3
345,1,-4.7,-7.27
345,9,-6.62,-5.4
345,11,-12.56,-7.84
345,12,-12.89,-7.46
345,13,-7.73,-7.23
345,14,-7.7,-10.34
346,1,-4.87,-7.23
346,9,-6.54,-5.51
346,11,-12.64,-7.92
346,12,-12.96,-7.53
346,13,-7.89,-7.23
346,14,-7.85,-10.38
347,1,-5.03,-7.19
347,9,-6.45,-5.62
347,11,-12.72,-7.99
347,12,-13.04,-7.59
347,13,-8.04,-7.23
347,14,-8.01,-10.43
348,1,-5.19,-7.15
348,9,-6.36,-5.73
348,11,-12.8,-8.06
348,12,-13.12,-7.66
348,13,-8.2,-7.23
348,14,-8.17,-10.47
349,1,-5.34,-7.1
349,9,-6.26,-5.84
349,11,-12.88,-8.14
349,12,-13.19,-7.72
349,13,-8.37,-7.23
349,14,-8.32,-10.52
350,1,-5.5,-7.05
350,9,-6.17,-5.94
350,11,-12.96,-8.21
350,12,-13.26,-7.78
350,13,-8.54,-7.22
350,14,-8.47,-10.56
351,1,-5.66,-6.99
351,9,-6.08,-6.05
351,11,-13.03,-8.28
351,12,-13.34,-7.84
351,13,-8.71,-7.22
351,14,-8.62,-10.61
352,1,-5.82,-6.93
352,9,-5.99,-6.16
352,11,-13.11,-8.35
352,12,-13.41,-7.9
352,13,-8.88,-7.21
352,14,-8.76,-10.65
353,1,-5.97,-6.87
353,9,-5.9,-6.26
353,11,-13.18,-8.42
353,12,-13.48,-7.95
353,13,-9.05,-7.21
353,14,-8.9,-10.69
354,1,-6.12,-6.82
354,9,-5.8,-6.36
354,11,-13.26,-8.48
354,12,-13.55,-8.01
354,13,-9.22,-7.21
354,14,-9.03,-10.72
355,1,-6.28,-6.76
355,9,-5.7,-6.44
355,11,-13.33,-8.55
355,12,-13.62,-8.07
355,13,-9.38,-7.21
355,14,-9.16,-10.76
356,1,-6.43,-6.7
356,9,-5.6,-6.51
356,11,-13.4,-8.62
356,12,-13.69,-8.12
356,13,-9.54,-7.21
356,14,-9.29,-10.79
357,1,-6.58,-6.64
357,9,-5.49,-6.55
357,11,-13.47,-8.68
357,12,-13.76,-8.18
357,13,-9.69,-7.22
357,14,-9.42,-10.82
358,1,-6.73,-6.59
358,9,-5.37,-6.59
358,11,-13.54,-8.75
358,12,-13.83,-8.23
358,13,-9.83,-7.23
358,14,-9.55,-10.85
359,1,-6.87,-6.53
359,9,-5.25,-6.62
359,11,-13.61,-8.81
359,12,-13.89,-8.28
359,13,-9.97,-7.25
359,14,-9.68,-10.88
360,1,-7.01,-6.46
360,9,-5.13,-6.64
360,11,-13.68,-8.87
360,12,-13.93,-8.32
360,13,-10.11,-7.26
360,14,-9.81,-10.9
361,1,-7.13,-6.39
361,9,-5.01,-6.67
361,11,-13.75,-8.94
361,12,-13.97,-8.34
361,13,-10.24,-7.28
361,14,-9.94,-10.92
362,1,-7.24,-6.3
362,9,-4.89,-6.69
362,11,-13.81,-9.0
362,13,-10.38,-7.29
362,14,-10.08,-10.95
363,1,-7.33,-6.19
363,9,-4.77,-6.71
363,11,-13.88,-9.06
363,13,-10.51,-7.3
363,14,-10.21,-10.96
364,1,-7.41,-6.07
364,9,-4.65,-6.74
364,11,-13.93,-9.11
364,13,-10.64,-7.32
364,14,-10.34,-10.98
365,1,-7.48,-5.95
365,9,-4.53,-6.77
365,11,-13.98,-9.15
365,13,-10.77,-7.33
365,14,-10.46,-11.0
366,1,-7.55,-5.82
366,9,-4.41,-6.82
366,11,-14.01,-9.18
366,13,-10.9,-7.35
366,14,-10.59,-11.02
367,1,-7.62,-5.71
367,9,-4.3,-6.87
367,13,-11.03,-7.36
367,14,-10.71,-11.04
368,1,-7.68,-5.6
368,9,-4.19,-6.94
368,13,-11.16,-7.38
368,14,-10.83,-11.06
369,1,-7.74,-5.49
369,9,-4.09,-7.02
369,13,-11.28,-7.4
369,14,-10.96,-11.08
370,1,-7.79,-5.39
370,9,-3.99,-7.11
370,13,-11.41,-7.41
370,14,-11.08,-11.1
371,1,-7.84,-5.27
371,9,-3.9,-7.2
371,13,-11.54,-7.44
371,14,-11.2,-11.11
372,1,-7.89,-5.15
372,9,-3.8,-7.28
372,13,-11.67,-7.46
372,14,-11.33,-11.13
373,1,-7.93,-5.02
373,9,-3.7,-7.37
373,13,-11.8,-7.48
373,14,-11.45,-11.14
374,1,-7.97,-4.88
374,9,-3.6,-7.46
374,13,-11.92,-7.5
374,14,-11.58,-11.16
375,1,-8.01,-4.73
375,9,-3.5,-7.55
375,13,-12.05,-7.52
375,14,-11.71,-11.17
376,1,-8.05,-4.59
376,9,-3.4,-7.64
376,13,-12.17,-7.54
376,14,-11.84,-11.18
377,1,-8.08,-4.43
377,9,-3.31,-7.73
377,13,-12.29,-7.56
377,14,-11.96,-11.2
378,1,-8.12,-4.28
378,9,-3.21,-7.82
378,13,-12.41,-7.58
378,14,-12.09,-11.22
379,1,-8.16,-4.12
379,9,-3.13,-7.92
379,13,-12.53,-7.6
379,14,-12.23,-11.24
380,1,-8.2,-3.95
380,9,-3.07,-8.03
380,13,-12.65,-7.62
380,14,-12.36,-11.26
381,1,-8.24,-3.79
381,9,-3.04,-8.16
381,13,-12.76,-7.64
381,14,-12.5,-11.29
382,1,-8.28,-3.62
382,9,-3.03,-8.31
382,13,-12.88,-7.66
382,14,-12.63,-11.31
383,1,-8.31,-3.45
383,9,-3.05,-8.46
383,13,-12.99,-7.68
383,14,-12.77,-11.34
384,1,-8.32,-3.29
384,9,-3.08,-8.62
384,13,-13.1,-7.7
384,14,-12.9,-11.37
385,1,-8.33,-3.13
385,9,-3.12,-8.77
385,13,-13.21,-7.72
385,14,-13.03,-11.39
386,1,-8.33,-2.97
386,9,-3.18,-8.92
386,13,-13.32,-7.74
386,14,-13.16,-11.42
387,1,-8.32,-2.81
387,9,-3.27,-9.04
387,13,-13.43,-7.76
387,14,-13.28,-11.45
388,1,-8.32,-2.65
388,9,-3.37,-9.15
388,13,-13.54,-7.78
388,14,-13.41,-11.47
389,1,-8.31,-2.49
389,9,-3.5,-9.25
389,13,-13.65,-7.8
389,14,-13.53,-11.5
390,1,-8.3,-2.33
390,9,-3.63,-9.34
390,13,-13.76,-7.82
390,14,-13.65,-11.52
391,1,-8.29,-2.17
391,9,-3.76,-9.43
391,13,-13.85,-7.83
391,14,-13.77,-11.54
392,1,-8.29,-2.0
392,9,-3.9,-9.52
392,13,-13.91,-7.85
392,14,-13.89,-11.57
393,1,-8.28,-1.84
393,9,-4.03,-9.6
393,14,-14.0,-11.59
394,1,-8.27,-1.67
394,9,-4.16,-9.68
394,14,-14.1,-11.6
395,1,-8.26,-1.5
395,9,-4.29,-9.77
395,14,-14.19,-11.61
396,1,-8.25,-1.34
396,9,-4.41,-9.85
396,14,-14.28,-11.61
397,1,-8.24,-1.18
397,9,-4.54,-9.93
397,14,-14.36,-11.61
398,1,-8.23,-1.03
398,9,-4.66,-10.01
398,14,-14.43,-11.6
399,1,-8.21,-0.91
399,9,-4.79,-10.08
399,14,-14.51,-11.59
400,1,-8.18,-0.81
400,9,-4.93,-10.16
400,14,-14.58,-11.59
401,1,-8.14,-0.75
401,9,-5.07,-10.23
401,14,-14.64,-11.58
402,1,-8.07,-0.73
402,9,-5.23,-10.29
402,14,-14.69,-11.58
403,1,-8.0,-0.75
403,9,-5.4,-10.34
403,14,-14.73,-11.57
404,1,-7.93,-0.79
404,9,-5.54,-10.37
405,1,-7.88,-0.84
405,9,-5.64,-10.39
406,1,-7.86,-0.88
406,9,-5.68,-10.39
407,1,-7.85,-0.91
407,9,-5.7,-10.38
408,1,-7.85,-0.93
408,9,-5.69,-10.37
409,1,-7.84,-0.96
409,9,-5.68,-10.35
410,1,-7.84,-0.99
410,9,-5.66,-10.33
411,1,-7.83,-1.02
411,9,-5.64,-10.31
412,1,-7.82,-1.06
412,9,-5.63,-10.3
413,1,-7.79,-1.12
413,9,-5.61,-10.28
414,1,-7.77,-1.2
414,9,-5.6,-10.27
415,1,-7.75,-1.31
415,9,-5.6,-10.25
416,1,-7.74,-1.44
416,9,-5.59,-10.24
417,1,-7.73,-1.57
417,9,-5.59,-10.24
418,1,-7.71,-1.71
418,9,-5.59,-10.23
419,1,-7.69,-1.84
419,9,-5.59,-10.22
420,1,-7.65,-1.98
420,9,-5.59,-10.22
421,1,-7.62,-2.12
421,9,-5.59,-10.21
422,1,-7.58,-2.26
422,9,-5.59,-10.2
422,10,-14.68,-10.56
423,1,-7.56,-2.4
423,9,-5.59,-10.2
423,10,-14.62,-10.53
424,1,-7.55,-2.56
424,9,-5.6,-10.19
424,10,-14.53,-10.48
425,1,-7.55,-2.72
425,9,-5.6,-10.18
425,10,-14.45,-10.44
426,1,-7.55,-2.89
426,9,-5.6,-10.18
426,10,-14.36,-10.4
427,1,-7.57,-3.06
427,9,-5.6,-10.17
427,10,-14.27,-10.38
428,1,-7.58,-3.23
428,9,-5.6,-10.16
428,10,-14.17,-10.36
429,1,-7.59,-3.39
429,9,-5.6,-10.16
429,10,-14.06,-10.34
430,1,-7.61,-3.56
430,9,-5.6,-10.15
430,10,-13.96,-10.33
431,1,-7.63,-3.72
431,9,-5.6,-10.14
431,10,-13.85,-10.32
432,1,-7.65,-3.88
432,9,-5.6,-10.14
432,10,-13.74,-10.32
433,1,-7.67,-4.03
433,9,-5.6,-10.13
433,10,-13.62,-10.31
434,1,-7.69,-4.19
434,9,-5.6,-10.12
434,10,-13.51,-10.3
435,1,-7.72,-4.34
435,9,-5.6,-10.12
435,10,-13.4,-10.29
436,1,-7.74,-4.48
436,9,-5.61,-10.11
436,10,-13.28,-10.28
437,1,-7.77,-4.63
437,9,-5.61,-10.1
437,10,-13.16,-10.27
438,1,-7.79,-4.77
438,9,-5.61,-10.1
438,10,-13.04,-10.26
439,1,-7.82,-4.92
439,9,-5.61,-10.09
439,10,-12.92,-10.25
440,1,-7.84,-5.06
440,9,-5.61,-10.08
440,10,-12.8,-10.24
441,1,-7.87,-5.2
441,9,-5.61,-10.08
441,10,-12.69,-10.22
442,1,-7.89,-5.34
442,9,-5.61,-10.07
442,10,-12.57,-10.19
443,1,-7.92,-5.48
443,9,-5.61,-10.06
443,10,-12.46,-10.16
444,1,-7.95,-5.61
444,9,-5.62,-10.06
444,10,-12.35,-10.13
445,1,-7.99,-5.74
445,9,-5.63,-10.05
445,10,-12.25,-10.1
446,1,-8.04,-5.86
446,9,-5.65,-10.04
446,10,-12.16,-10.07
447,1,-8.1,-5.99
447,9,-5.7,-10.04
447,10,-12.06,-10.05
448,1,-8.16,-6.11
448,9,-5.76,-10.03
448,10,-11.97,-10.03
449,1,-8.22,-6.22
449,9,-5.83,-10.02
449,10,-11.88,-10.01
450,1,-8.28,-6.34
450,9,-5.91,-10.01
450,10,-11.77,-9.98
451,1,-8.35,-6.46
451,9,-6.0,-10.01
451,10,-11.66,-9.95
452,1,-8.44,-6.59
452,9,-6.08,-10.0
452,10,-11.55,-9.92
453,1,-8.55,-6.73
453,9,-6.17,-9.99
453,10,-11.44,-9.88
454,1,-8.68,-6.88
454,9,-6.26,-9.99
454,10,-11.33,-9.85
455,1,-8.83,-7.04
455,9,-6.36,-9.99
455,10,-11.21,-9.81
456,1,-8.98,-7.19
456,9,-6.48,-10.0
456,10,-11.09,-9.78
457,1,-9.13,-7.34
457,9,-6.62,-10.01
457,10,-10.97,-9.74
458,1,-9.28,-7.49
458,9,-6.76,-10.03
458,10,-10.85,-9.71
459,1,-9.43,-7.64
459,9,-6.91,-10.05
459,10,-10.73,-9.67
460,1,-9.57,-7.79
460,9,-7.06,-10.07
460,10,-10.61,-9.63
461,1,-9.72,-7.93
461,9,-7.21,-10.1
461,10,-10.48,-9.6
462,1,-9.85,-8.07
462,9,-7.36,-10.12
462,10,-10.36,-9.56
463,1,-9.99,-8.2
463,9,-7.51,-10.14
463,10,-10.23,-9.52
464,1,-10.12,-8.33
464,9,-7.66,-10.16
464,10,-10.09,-9.48
465,1,-10.26,-8.46
465,9,-7.81,-10.17
465,10,-9.95,-9.44
466,1,-10.39,-8.58
466,2,-14.83,-12.2
466,9,-7.96,-10.19
466,10,-9.8,-9.39
467,1,-10.52,-8.69
467,2,-14.74,-12.14
467,9,-8.11,-10.2
467,10,-9.64,-9.34
468,1,-10.64,-8.79
468,2,-14.63,-12.07
468,9,-8.25,-10.21
468,10,-9.46,-9.28
469,1,-10.77,-8.89
469,2,-14.52,-11.99
469,9,-8.4,-10.22
469,10,-9.28,-9.22
470,1,-10.89,-8.99
470,2,-14.39,-11.9
470,9,-8.55,-10.23
470,10,-9.1,-9.17
471,1,-11.02,-9.08
471,2,-14.26,-11.82
471,9,-8.69,-10.24
471,10,-8.93,-9.12
472,1,-11.14,-9.18
472,2,-14.14,-11.74
472,9,-8.83,-10.25
472,10,-8.78,-9.08
473,1,-11.25,-9.27
473,2,-14.03,-11.67
473,9,-8.98,-10.26
473,10,-8.63,-9.04
474,1,-11.37,-9.36
474,2,-13.92,-11.61
474,9,-9.12,-10.28
474,10,-8.5,-9.01
475,1,-11.48,-9.45
475,2,-13.82,-11.56
475,9,-9.26,-10.3
475,10,-8.36,-8.97
476,1,-11.6,-9.54
476,2,-13.71,-11.51
476,9,-9.41,-10.33
476,10,-8.22,-8.94
477,1,-11.71,-9.62
477,2,-13.61,-11.46
477,9,-9.56,-10.38
477,10,-8.08,-8.91
478,1,-11.81,-9.71
478,2,-13.51,-11.41
478,9,-9.71,-10.43
478,10,-7.94,-8.87
479,1,-11.92,-9.79
479,2,-13.41,-11.36
479,9,-9.86,-10.48
479,10,-7.79,-8.84
480,1,-12.03,-9.88
480,2,-13.3,-11.31
480,9,-10.01,-10.53
480,10,-7.65,-8.81
481,1,-12.13,-9.96
481,2,-13.19,-11.26
481,9,-10.16,-10.58
481,10,-7.5,-8.77
482,1,-12.23,-10.04
482,2,-13.09,-11.21
482,9,-10.3,-10.63
482,10,-7.35,-8.74
483,1,-12.33,-10.11
483,2,-12.98,-11.15
483,9,-10.44,-10.68
483,10,-7.2,-8.7
484,1,-12.42,-10.19
484,2,-12.87,-11.1
484,9,-10.58,-10.73
484,10,-7.05,-8.67
485,1,-12.5,-10.26
485,2,-12.76,-11.04
485,9,-10.72,-10.79
485,10,-6.9,-8.65
486,1,-12.56,-10.32
486,2,-12.66,-10.98
486,9,-10.86,-10.84
486,10,-6.75,-8.63
487,1,-12.62,-10.38
487,2,-12.57,-10.92
487,9,-11.0,-10.91
487,10,-6.6,-8.62
488,1,-12.66,-10.44
488,2,-12.49,-10.85
488,9,-11.14,-10.98
488,10,-6.45,-8.63
489,1,-12.7,-10.49
489,2,-12.42,-10.78
489,9,-11.28,-11.06
489,10,-6.31,-8.63
490,1,-12.73,-10.54
490,2,-12.35,-10.71
490,9,-11.41,-11.14
490,10,-6.16,-8.64
491,1,-12.76,-10.6
491,2,-12.28,-10.64
491,9,-11.55,-11.22
491,10,-6.01,-8.64
492,1,-12.8,-10.65
492,2,-12.22,-10.57
492,9,-11.68,-11.29
492,10,-5.86,-8.65
493,1,-12.83,-10.7
493,2,-12.15,-10.49
493,9,-11.81,-11.37
493,10,-5.7,-8.66
494,1,-12.86,-10.75
494,2,-12.09,-10.42
494,9,-11.94,-11.44
494,10,-5.55,-8.66
495,1,-12.9,-10.8
495,2,-12.03,-10.34
495,9,-12.07,-11.52
495,10,-5.39,-8.67
496,1,-12.93,-10.85
496,2,-11.97,-10.27
496,9,-12.19,-11.59
496,10,-5.24,-8.68
497,1,-12.96,-10.9
497,2,-11.91,-10.19
497,9,-12.32,-11.65
497,10,-5.08,-8.68
498,1,-12.99,-10.94
498,2,-11.85,-10.11
498,9,-12.46,-11.71
498,10,-4.92,-8.69
499,1,-13.03,-10.99
499,2,-11.79,-10.03
499,9,-12.59,-11.77
499,10,-4.75,-8.7
500,1,-13.05,-11.03
500,2,-11.72,-9.95
500,9,-12.73,-11.82
500,10,-4.59,-8.7
501,1,-13.08,-11.06
501,2,-11.66,-9.87
501,9,-12.87,-11.87
501,10,-4.43,-8.71
502,1,-13.09,-11.08
502,2,-11.6,-9.8
502,9,-13.01,-11.91
502,10,-4.27,-8.71
503,1,-13.1,-11.08
503,2,-11.53,-9.73
503,9,-13.15,-11.96
503,10,-4.12,-8.71
504,1,-13.11,-11.08
504,2,-11.46,-9.66
504,9,-13.29,-12.0
504,10,-3.98,-8.71
504,18,-14.02,-8.34
505,1,-13.11,-11.07
505,2,-11.39,-9.61
505,9,-13.44,-12.04
505,10,-3.83,-8.71
505,18,-13.96,-8.31
506,1,-13.12,-11.06
506,2,-11.32,-9.56
506,4,-15.88,-15.67
506,9,-13.58,-12.08
506,10,-3.69,-8.7
506,18,-13.88,-8.28
507,1,-13.12,-11.05
507,2,-11.24,-9.51
507,4,-15.79,-15.71
507,9,-13.73,-12.12
507,10,-3.55,-8.7
507,18,-13.79,-8.23
508,1,-13.12,-11.04
508,2,-11.17,-9.46
508,4,-15.68,-15.75
508,9,-13.87,-12.15
508,10,-3.41,-8.69
508,18,-13.7,-8.19
509,1,-13.13,-11.02
509,2,-11.09,-9.42
509,4,-15.56,-15.8
509,9,-14.02,-12.19
509,10,-3.27,-8.68
509,18,-13.61,-8.14
510,1,-13.13,-11.01
510,2,-11.01,-9.37
510,4,-15.44,-15.84
510,9,-14.16,-12.22
510,10,-3.13,-8.68
510,18,-13.51,-8.08
511,1,-13.13,-11.0
511,2,-10.93,-9.32
511,4,-15.31,-15.89
511,9,-14.3,-12.25
511,10,-2.98,-8.67
511,18,-13.41,-8.02
512,1,-13.13,-10.99
512,2,-10.83,-9.27
512,4,-15.17,-15.94
512,9,-14.43,-12.28
512,10,-2.84,-8.66
512,18,-13.31,-7.96
513,1,-13.14,-10.98
513,2,-10.71,-9.21
513,4,-15.04,-15.99
513,9,-14.57,-12.31
513,10,-2.69,-8.66
513,18,-13.21,-7.9
514,1,-13.14,-10.96
514,2,-10.58,-9.15
514,4,-14.91,-16.04
514,9,-14.7,-12.35
514,10,-2.54,-8.65
514,18,-13.11,-7.84
515,1,-13.14,-10.95
515,2,-10.44,-9.09
515,4,-14.77,-16.1
515,9,-14.82,-12.37
515,10,-2.39,-8.64
515,18,-13.01,-7.78
516,1,-13.14,-10.94
516,2,-10.3,-9.02
516,4,-14.63,-16.15
516,9,-14.93,-12.4
516,10,-2.24,-8.64
516,18,-12.9,-7.71
517,1,-13.15,-10.93
517,2,-10.17,-8.95
517,4,-14.49,-16.2
517,9,-15.02,-12.42
517,10,-2.09,-8.63
517,18,-12.79,-7.65
518,1,-13.15,-10.92
518,2,-10.05,-8.87
518,4,-14.34,-16.26
518,9,-15.08,-12.44
518,10,-1.94,-8.62
518,18,-12.69,-7.58
519,1,-13.16,-10.92
519,2,-9.93,-8.79
519,4,-14.2,-16.31
519,10,-1.8,-8.61
519,18,-12.58,-7.51
520,1,-13.18,-10.93
520,2,-9.82,-8.71
520,4,-14.05,-16.37
520,10,-1.66,-8.61
520,18,-12.47,-7.44
521,1,-13.2,-10.94
521,2,-9.7,-8.63
521,4,-13.9,-16.42
521,10,-1.51,-8.6
521,18,-12.36,-7.37
522,1,-13.22,-10.96
522,2,-9.59,-8.55
522,4,-13.76,-16.48
522,10,-1.37,-8.6
522,18,-12.25,-7.29
523,1,-13.24,-10.98
523,2,-9.47,-8.46
523,4,-13.61,-16.53
523,10,-1.23,-8.59
523,18,-12.15,-7.21
524,1,-13.27,-11.01
524,2,-9.35,-8.38
524,4,-13.47,-16.58
524,10,-1.08,-8.58
524,18,-12.05,-7.11
525,1,-13.29,-11.03
525,2,-9.24,-8.29
525,4,-13.33,-16.63
525,10,-0.93,-8.57
525,18,-11.96,-7.01
526,1,-13.32,-11.05
526,2,-9.11,-8.2
526,4,-13.19,-16.68
526,10,-0.78,-8.57
526,18,-11.86,-6.91
527,1,-13.34,-11.08
527,2,-8.99,-8.12
527,4,-13.06,-16.73
527,10,-0.64,-8.56
527,18,-11.77,-6.8
528,1,-13.37,-11.1
528,2,-8.87,-8.02
528,3,-13.11,-17.43
528,4,-12.92,-16.77
528,10,-0.48,-8.55
528,18,-11.67,-6.69
529,1,-13.39,-11.12
529,2,-8.74,-7.93
529,3,-12.99,-17.45
529,4,-12.78,-16.82
529,10,-0.33,-8.55
529,18,-11.58,-6.58
530,1,-13.42,-11.15
530,2,-8.61,-7.84
530,3,-12.84,-17.48
530,4,-12.64,-16.87
530,10,-0.18,-8.54
530,18,-11.48,-6.47
531,1,-13.44,-11.17
531,2,-8.48,-7.75
531,3,-12.67,-17.51
531,4,-12.5,-16.92
531,10,-0.02,-8.53
531,18,-11.38,-6.37
532,1,-13.47,-11.19
532,2,-8.35,-7.65
532,3,-12.49,-17.54
532,4,-12.36,-16.97
532,10,0.13,-8.53
532,18,-11.29,-6.26
533,1,-13.49,-11.21
533,2,-8.22,-7.56
533,3,-12.31,-17.58
533,4,-12.21,-17.02
533,10,0.29,-8.52
533,18,-11.21,-6.17
534,1,-13.52,-11.24
534,2,-8.09,-7.47
534,3,-12.12,-17.61
534,4,-12.07,-17.06
534,10,0.45,-8.51
534,18,-11.14,-6.08
535,1,-13.54,-11.26
535,2,-7.96,-7.38
535,3,-11.93,-17.65
535,4,-11.93,-17.11
535,10,0.61,-8.5
535,18,-11.07,-5.99
536,1,-13.56,-11.28
536,2,-7.84,-7.3
536,3,-11.73,-17.69
536,4,-11.8,-17.16
536,10,0.77,-8.5
536,18,-11.0,-5.89
537,1,-13.59,-11.31
537,2,-7.71,-7.23
537,3,-11.54,-17.73
537,4,-11.68,-17.19
537,10,0.94,-8.49
537,18,-10.92,-5.77
538,1,-13.61,-11.35
538,2,-7.59,-7.15
538,3,-11.37,-17.77
538,4,-11.58,-17.23
538,10,1.1,-8.48
538,18,-10.84,-5.64
539,1,-13.63,-11.4
539,2,-7.47,-7.08
539,3,-11.21,-17.81
539,4,-11.49,-17.25
539,10,1.26,-8.47
539,18,-10.76,-5.51
540,1,-13.65,-11.45
540,2,-7.35,-7.01
540,3,-11.06,-17.85
540,4,-11.41,-17.28
540,10,1.41,-8.47
540,18,-10.67,-5.37
541,1,-13.67,-11.52
541,2,-7.22,-6.93
541,3,-10.93,-17.89
541,4,-11.33,-17.3
541,10,1.57,-8.46
541,18,-10.58,-5.23
542,1,-13.69,-11.58
542,2,-7.1,-6.86
542,3,-10.81,-17.94
542,4,-11.25,-17.33
542,10,1.72,-8.45
542,18,-10.5,-5.08
543,1,-13.7,-11.65
543,2,-6.97,-6.78
543,3,-10.7,-17.98
543,4,-11.17,-17.35
543,10,1.88,-8.45
543,18,-10.41,-4.94
544,1,-13.72,-11.71
544,2,-6.84,-6.7
544,3,-10.59,-18.02
544,4,-11.1,-17.38
544,10,2.03,-8.44
544,18,-10.32,-4.79
545,1,-13.74,-11.77
545,2,-6.71,-6.62
545,3,-10.5,-18.05
545,4,-11.02,-17.41
545,10,2.19,-8.44
545,18,-10.22,-4.64
546,1,-13.76,-11.83
546,2,-6.57,-6.54
546,3,-10.41,-18.08
546,4,-10.96,-17.44
546,10,2.35,-8.43
546,18,-10.13,-4.49
547,1,-13.78,-11.89
547,2,-6.44,-6.46
547,3,-10.33,-18.1
547,4,-10.91,-17.47
547,10,2.5,-8.44
547,18,-10.04,-4.35
548,1,-13.8,-11.94
548,2,-6.3,-6.38
548,3,-10.26,-18.11
548,4,-10.86,-17.51
548,10,2.65,-8.46
548,18,-9.96,-4.22
549,1,-13.82,-12.0
549,2,-6.16,-6.3
549,3,-10.2,-18.12
549,4,-10.82,-17.55
549,10,2.79,-8.5
549,18,-9.88,-4.11
550,1,-13.84,-12.05
550,2,-6.02,-6.21
550,3,-10.15,-18.11
550,4,-10.79,-17.6
550,10,2.92,-8.56
550,18,-9.82,-4.02
551,1,-13.85,-12.09
551,2,-5.88,-6.13
551,3,-10.12,-18.09
551,4,-10.76,-17.65
551,10,3.04,-8.63
551,18,-9.75,-3.95
552,1,-13.86,-12.11
552,2,-5.74,-6.04
552,3,-10.1,-18.06
552,4,-10.74,-17.72
552,10,3.16,-8.71
552,18,-9.7,-3.89
553,1,-13.87,-12.13
553,2,-5.59,-5.95
553,3,-10.09,-18.03
553,4,-10.73,-17.8
553,10,3.27,-8.8
553,18,-9.64,-3.83
554,1,-13.87,-12.14
554,2,-5.44,-5.86
554,3,-10.08,-17.99
554,4,-10.73,-17.89
554,10,3.39,-8.88
554,18,-9.58,-3.77
555,1,-13.87,-12.14
555,2,-5.29,-5.77
555,3,-10.06,-17.95
555,4,-10.74,-17.99
555,10,3.5,-8.97
555,18,-9.53,-3.71
556,1,-13.87,-12.14
556,2,-5.14,-5.68
556,3,-10.05,-17.92
556,4,-10.75,-18.08
556,10,3.62,-9.06
556,18,-9.47,-3.65
557,1,-13.87,-12.14
557,2,-4.98,-5.59
557,3,-10.04,-17.88
557,4,-10.75,-18.16
557,10,3.74,-9.15
557,18,-9.42,-3.6
558,1,-13.87,-12.15
558,2,-4.82,-5.49
558,3,-10.03,-17.84
558,4,-10.76,-18.24
558,10,3.86,-9.24
558,18,-9.38,-3.55
559,1,-13.87,-12.15
559,2,-4.67,-5.4
559,3,-10.01,-17.81
559,4,-10.78,-18.31
559,10,3.98,-9.35
559,18,-9.34,-3.52
560,1,-13.87,-12.15
560,2,-4.5,-5.3
560,3,-10.0,-17.77
560,4,-10.79,-18.37
560,10,4.12,-9.45
560,18,-9.32,-3.5
561,1,-13.87,-12.15
561,2,-4.34,-5.2
561,3,-9.99,-17.73
561,4,-10.81,-18.44
561,10,4.25,-9.57
561,18,-9.31,-3.49
562,1,-13.87,-12.15
562,2,-4.17,-5.11
562,3,-9.98,-17.69
562,4,-10.82,-18.5
562,10,4.39,-9.68
562,18,-9.3,-3.49
563,1,-13.87,-12.15
563,2,-4.0,-5.02
563,3,-9.96,-17.65
563,4,-10.84,-18.56
563,10,4.52,-9.8
563,18,-9.3,-3.49
564,1,-13.87,-12.15
564,2,-3.84,-4.95
564,3,-9.95,-17.62
564,4,-10.85,-18.61
564,10,4.66,-9.92
564,18,-9.29,-3.5
565,1,-13.87,-12.15
565,2,-3.67,-4.91
565,3,-9.94,-17.58
565,4,-10.87,-18.67
565,10,4.8,-10.04
565,18,-9.28,-3.53
566,1,-13.87,-12.15
566,2,-3.5,-4.89
566,3,-9.93,-17.54
566,4,-10.88,-18.73
566,10,4.94,-10.16
566,18,-9.27,-3.59
567,1,-13.87,-12.15
567,2,-3.34,-4.9
567,3,-9.91,-17.5
567,4,-10.9,-18.79
567,10,5.08,-10.28
567,18,-9.26,-3.67
568,1,-13.87,-12.15
568,2,-3.17,-4.91
568,3,-9.9,-17.46
568,4,-10.91,-18.84
568,10,5.22,-10.39
568,18,-9.25,-3.77
569,1,-13.87,-12.16
569,2,-3.01,-4.92
569,3,-9.89,-17.42
569,4,-10.93,-18.9
569,10,5.36,-10.51
569,18,-9.24,-3.88
570,1,-13.87,-12.16
570,2,-2.84,-4.94
570,3,-9.88,-17.38
570,4,-10.94,-18.96
570,10,5.5,-10.63
570,18,-9.25,-3.99
571,1,-13.87,-12.16
571,2,-2.67,-4.96
571,3,-9.86,-17.34
571,4,-10.96,-19.01
571,10,5.63,-10.75
571,18,-9.27,-4.09
572,1,-13.87,-12.16
572,2,-2.5,-4.98
572,3,-9.85,-17.3
572,4,-10.98,-19.05
572,10,5.76,-10.87
572,18,-9.3,-4.18
573,1,-13.87,-12.16
573,2,-2.33,-5.0
573,3,-9.84,-17.26
573,4,-11.01,-19.08
573,10,5.88,-10.98
573,18,-9.35,-4.27
574,1,-13.87,-12.16
574,2,-2.16,-5.02
574,3,-9.82,-17.22
574,4,-11.05,-19.09
574,10,5.96,-11.08
574,18,-9.4,-4.36
575,1,-13.87,-12.16
575,2,-1.98,-5.04
575,3,-9.81,-17.18
575,4,-11.11,-19.08
575,5,-13.76,-8.6
575,10,6.01,-11.16
575,18,-9.45,-4.44
576,1,-13.87,-12.16
576,2,-1.81,-5.06
576,3,-9.81,-17.12
576,4,-11.17,-19.06
576,5,-13.68,-8.57
576,10,6.02,-11.21
576,18,-9.51,-4.53
577,1,-13.87,-12.16
577,2,-1.63,-5.08
577,3,-9.82,-17.05
577,4,-11.24,-19.03
577,5,-13.58,-8.53
577,18,-9.57,-4.61
578,1,-13.87,-12.16
578,2,-1.45,-5.1
578,3,-9.86,-16.96
578,4,-11.31,-19.0
578,5,-13.47,-8.48
578,18,-9.65,-4.7
579,1,-13.87,-12.16
579,2,-1.27,-5.12
579,3,-9.91,-16.84
579,4,-11.38,-18.96
579,5,-13.36,-8.44
579,18,-9.75,-4.8
580,1,-13.87,-12.17
580,2,-1.09,-5.14
580,3,-9.97,-16.7
580,4,-11.45,-18.93
580,5,-13.25,-8.39
580,18,-9.87,-4.9
581,1,-13.87,-12.17
581,2,-0.9,-5.16
581,3,-10.05,-16.56
581,4,-11.52,-18.9
581,5,-13.13,-8.34
581,18,-10.0,-5.0
582,1,-13.87,-12.17
582,2,-0.72,-5.18
582,3,-10.13,-16.41
582,4,-11.58,-18.87
582,5,-13.01,-8.29
582,18,-10.14,-5.1
583,1,-13.87,-12.17
583,2,-0.53,-5.2
583,3,-10.21,-16.26
583,4,-11.65,-18.84
583,5,-12.89,-8.24
583,18,-10.27,-5.21
584,1,-13.87,-12.17
584,2,-0.34,-5.22
584,3,-10.29,-16.1
584,4,-11.7,-18.82
584,5,-12.77,-8.19
584,18,-10.41,-5.31
585,1,-13.87,-12.17
585,2,-0.15,-5.24
585,3,-10.37,-15.95
585,4,-11.76,-18.79
585,5,-12.64,-8.14
585,18,-10.55,-5.41
586,1,-13.87,-12.17
586,2,0.04,-5.26
586,3,-10.45,-15.8
586,4,-11.81,-18.77
586,5,-12.52,-8.09
586,18,-10.69,-5.52
587,1,-13.87,-12.17
587,2,0.24,-5.28
587,3,-10.54,-15.64
587,4,-11.86,-18.75
587,5,-12.39,-8.04
587,18,-10.83,-5.63
588,1,-13.87,-12.17
588,2,0.43,-5.3
588,3,-10.63,-15.49
588,4,-11.91,-18.73
588,5,-12.26,-7.99
588,18,-10.97,-5.75
589,1,-13.87,-12.17
589,2,0.63,-5.33
589,3,-10.72,-15.33
589,4,-11.96,-18.71
589,5,-12.13,-7.93
589,18,-11.11,-5.88
590,1,-13.87,-12.17
590,2,0.83,-5.35
590,3,-10.82,-15.17
590,4,-12.01,-18.69
590,5,-11.99,-7.88
590,18,-11.25,-6.0
591,1,-13.87,-12.18
591,2,1.04,-5.37
591,3,-10.92,-15.02
591,4,-12.05,-18.67
591,5,-11.86,-7.82
591,18,-11.39,-6.12
592,1,-13.87,-12.18
592,2,1.24,-5.39
592,3,-11.02,-14.86
592,4,-12.08,-18.65
592,5,-11.72,-7.76
592,18,-11.53,-6.24
593,1,-13.87,-12.18
593,2,1.45,-5.41
593,3,-11.12,-14.7
593,4,-12.1,-18.63
593,5,-11.58,-7.71
593,18,-11.66,-6.36
594,1,-13.87,-12.18
594,2,1.65,-5.44
594,3,-11.23,-14.54
594,4,-12.13,-18.61
594,5,-11.44,-7.65
594,18,-11.8,-6.48
595,1,-13.87,-12.18
595,2,1.87,-5.46
595,3,-11.33,-14.38
595,4,-12.15,-18.58
595,5,-11.29,-7.59
595,18,-11.93,-6.59
596,1,-13.87,-12.18
596,2,2.08,-5.48
596,3,-11.43,-14.23
596,4,-12.18,-18.55
596,5,-11.15,-7.53
596,18,-12.06,-6.71
597,1,-13.87,-12.18
597,2,2.29,-5.51
597,3,-11.52,-14.08
597,4,-12.22,-18.52
597,5,-11.0,-7.47
597,18,-12.18,-6.82
598,1,-13.87,-12.18
598,2,2.51,-5.53
598,3,-11.61,-13.93
598,4,-12.26,-18.48
598,5,-10.84,-7.4
598,18,-12.31,-6.93
599,1,-13.87,-12.18
599,2,2.73,-5.56
599,3,-11.7,-13.79
599,4,-12.31,-18.44
599,5,-10.69,-7.34
599,18,-12.44,-7.03
600,1,-13.87,-12.18
600,2,2.95,-5.58
600,3,-11.78,-13.66
600,4,-12.36,-18.39
600,5,-10.53,-7.28
600,18,-12.56,-7.14
601,1,-13.87,-12.18
601,2,3.17,-5.6
601,3,-11.86,-13.53
601,4,-12.4,-18.35
601,5,-10.38,-7.21
601,18,-12.68,-7.24
602,1,-13.87,-12.19
602,2,3.39,-5.63
602,3,-11.94,-13.4
602,4,-12.45,-18.31
602,5,-10.22,-7.15
602,18,-12.8,-7.35
603,1,-13.87,-12.19
603,2,3.59,-5.65
603,3,-12.02,-13.27
603,4,-12.5,-18.27
603,5,-10.07,-7.09
603,18,-12.91,-7.45
604,1,-13.87,-12.19
604,2,3.79,-5.67
604,3,-12.1,-13.14
604,4,-12.54,-18.22
604,5,-9.92,-7.03
604,18,-13.03,-7.55
605,1,-13.87,-12.19
605,2,3.97,-5.69
605,3,-12.18,-13.01
605,4,-12.59,-18.18
605,5,-9.78,-6.97
605,18,-13.14,-7.64
606,1,-13.87,-12.19
606,2,4.14,-5.71
606,3,-12.26,-12.88
606,4,-12.64,-18.14
606,5,-9.63,-6.91
606,18,-13.25,-7.74
607,1,-13.87,-12.19
607,2,4.3,-5.72
607,3,-12.34,-12.75
607,4,-12.69,-18.1
607,5,-9.49,-6.84
607,18,-13.36,-7.83
608,1,-13.87,-12.19
608,2,4.47,-5.74
608,3,-12.42,-12.61
608,4,-12.73,-18.05
608,5,-9.34,-6.78
608,18,-13.46,-7.92
609,1,-13.87,-12.19
609,2,4.63,-5.76
609,3,-12.5,-12.48
609,4,-12.78,-18.01
609,5,-9.19,-6.72
609,18,-13.56,-8.01
610,1,-13.87,-12.19
610,2,4.8,-5.77
610,3,-12.57,-12.35
610,4,-12.83,-17.97
610,5,-9.03,-6.66
610,6,4.73,-11.64
610,18,-13.65,-8.09
611,1,-13.87,-12.19
611,2,4.96,-5.79
611,3,-12.62,-12.22
611,4,-12.87,-17.93
611,5,-8.88,-6.59
611,6,4.66,-11.54
611,18,-13.73,-8.15
612,1,-13.87,-12.19
612,2,5.11,-5.81
612,3,-12.66,-12.09
612,4,-12.92,-17.88
612,5,-8.72,-6.53
612,6,4.57,-11.43
612,18,-13.78,-8.19
613,1,-13.87,-12.2
613,2,5.25,-5.83
613,3,-12.68,-11.96
613,4,-12.96,-17.84
613,5,-8.56,-6.46
613,6,4.47,-11.3
614,1,-13.87,-12.19
614,2,5.36,-5.85
614,3,-12.68,-11.83
614,4,-13.0,-17.8
614,5,-8.4,-6.4
614,6,4.36,-11.17
615,1,-13.86,-12.19
615,2,5.44,-5.86
615,3,-12.68,-11.7
615,4,-13.04,-17.77
615,5,-8.24,-6.33
615,6,4.26,-11.03
616,1,-13.83,-12.17
616,2,5.51,-5.88
616,3,-12.67,-11.58
616,4,-13.06,-17.74
616,5,-8.08,-6.27
616,6,4.15,-10.9
617,1,-13.78,-12.15
617,2,5.57,-5.9
617,3,-12.65,-11.46
617,4,-13.07,-17.72
617,5,-7.92,-6.21
617,6,4.05,-10.76
618,1,-13.71,-12.11
618,2,5.62,-5.92
618,3,-12.63,-11.33
618,4,-13.08,-17.7
618,5,-7.77,-6.15
618,6,3.94,-10.63
619,1,-13.63,-12.06
619,2,5.67,-5.94
619,3,-12.62,-11.19
619,4,-13.08,-17.68
619,5,-7.61,-6.1
619,6,3.84,-10.49
620,1,-13.53,-12.01
620,2,5.72,-5.96
620,3,-12.6,-11.04
620,4,-13.07,-17.65
620,5,-7.46,-6.05
620,6,3.73,-10.36
621,1,-13.43,-11.96
621,2,5.78,-5.98
621,3,-12.59,-10.89
621,4,-13.05,-17.63
621,5,-7.31,-6.01
621,6,3.63,-10.23
622,1,-13.33,-11.9
622,2,5.83,-6.0
622,3,-12.57,-10.72
622,4,-13.01,-17.59
622,5,-7.15,-5.96
622,6,3.52,-10.09
623,1,-13.22,-11.84
623,2,5.88,-6.02
623,3,-12.56,-10.55
623,4,-12.96,-17.55
623,5,-7.0,-5.91
623,6,3.41,-9.96
624,1,-13.11,-11.78
624,2,5.93,-6.04
624,3,-12.54,-10.38
624,4,-12.89,-17.51
624,5,-6.84,-5.86
624,6,3.31,-9.82
625,1,-13.0,-11.72
625,2,5.98,-6.06
625,3,-12.53,-10.2
625,4,-12.82,-17.47
625,5,-6.67,-5.82
625,6,3.2,-9.69
626,1,-12.87,-11.64
626,2,6.04,-6.08
626,3,-12.51,-10.03
626,4,-12.75,-17.43
626,5,-6.51,-5.77
626,6,3.1,-9.55
627,1,-12.74,-11.56
627,2,6.09,-6.11
627,3,-12.5,-9.85
627,4,-12.69,-17.39
627,5,-6.34,-5.72
627,6,2.99,-9.42
628,1,-12.61,-11.48
628,2,6.14,-6.13
628,3,-12.48,-9.66
628,4,-12.63,-17.36
628,5,-6.18,-5.67
628,6,2.89,-9.29
629,1,-12.46,-11.39
629,2,6.19,-6.15
629,3,-12.47,-9.48
629,4,-12.57,-17.34
629,5,-6.01,-5.62
629,6,2.78,-9.15
630,1,-12.32,-11.3
630,2,6.24,-6.17
630,3,-12.45,-9.29
630,4,-12.51,-17.31
630,5,-5.83,-5.57
630,6,2.68,-9.02
631,1,-12.17,-11.21
631,2,6.28,-6.19
631,3,-12.44,-9.1
631,4,-12.45,-17.28
631,5,-5.66,-5.52
631,6,2.57,-8.88
632,1,-12.03,-11.13
632,2,6.3,-6.21
632,3,-12.42,-8.9
632,4,-12.39,-17.26
632,5,-5.49,-5.47
632,6,2.47,-8.75
633,1,-11.89,-11.05
633,2,6.29,-6.24
633,3,-12.4,-8.71
633,4,-12.33,-17.23
633,5,-5.32,-5.44
633,6,2.36,-8.61
634,1,-11.75,-10.97
634,2,6.25,-6.26
634,3,-12.38,-8.51
634,4,-12.27,-17.21
634,5,-5.15,-5.42
634,6,2.25,-8.48
635,1,-11.62,-10.9
635,2,6.2,-6.29
635,3,-12.36,-8.32
635,4,-12.22,-17.18
635,5,-5.0,-5.41
635,6,2.15,-8.34
636,1,-11.49,-10.83
636,2,6.13,-6.32
636,3,-12.34,-8.13
636,4,-12.18,-17.15
636,5,-4.84,-5.41
636,6,2.05,-8.21
637,1,-11.36,-10.77
637,2,6.06,-6.35
637,3,-12.31,-7.97
637,4,-12.15,-17.13
637,5,-4.69,-5.42
637,6,1.94,-8.08
638,1,-11.22,-10.7
638,2,5.99,-6.38
638,3,-12.27,-7.82
638,4,-12.14,-17.11
638,5,-4.54,-5.43
638,6,1.84,-7.95
639,1,-11.08,-10.63
639,2,5.92,-6.41
639,3,-12.23,-7.69
639,4,-12.14,-17.08
639,5,-4.39,-5.44
639,6,1.74,-7.83
640,1,-10.94,-10.56
640,2,5.86,-6.44
640,3,-12.19,-7.56
640,4,-12.14,-17.06
640,5,-4.24,-5.45
640,6,1.64,-7.71
641,1,-10.8,-10.49
641,2,5.79,-6.47
641,3,-12.15,-7.44
641,4,-12.14,-17.04
641,5,-4.09,-5.46
641,6,1.55,-7.59
642,1,-10.66,-10.41
642,2,5.71,-6.5
642,3,-12.1,-7.31
642,4,-12.14,-17.02
642,5,-3.93,-5.47
642,6,1.45,-7.47
643,1,-10.53,-10.33
643,2,5.63,-6.52
643,3,-12.06,-7.18
643,4,-12.12,-17.0
643,5,-3.78,-5.48
643,6,1.36,-7.35
644,1,-10.39,-10.25
644,2,5.52,-6.54
644,3,-12.01,-7.05
644,4,-12.09,-16.97
644,5,-3.62,-5.49
644,6,1.26,-7.23
645,1,-10.27,-10.16
645,2,5.39,-6.56
645,3,-11.96,-6.92
645,4,-12.06,-16.95
645,5,-3.46,-5.5
645,6,1.16,-7.11
646,1,-10.15,-10.07
646,2,5.23,-6.57
646,3,-11.92,-6.79
646,4,-12.02,-16.92
646,5,-3.3,-5.51
646,6,1.07,-6.99
647,1,-10.03,-9.98
647,2,5.05,-6.58
647,3,-11.87,-6.66
647,4,-11.97,-16.9
647,5,-3.13,-5.52
647,6,0.97,-6.87
648,1,-9.92,-9.88
648,2,4.86,-6.58
648,3,-11.81,-6.52
648,4,-11.93,-16.87
648,5,-2.97,-5.53
648,6,0.87,-6.75
649,1,-9.81,-9.78
649,2,4.67,-6.58
649,3,-11.76,-6.4
649,4,-11.89,-16.85
649,5,-2.81,-5.54
649,6,0.78,-6.63
650,1,-9.7,-9.67
650,2,4.48,-6.59
650,3,-11.69,-6.27
650,4,-11.84,-16.82
650,5,-2.65,-5.55
650,6,0.68,-6.51
651,1,-9.6,-9.56
651,2,4.29,-6.59
651,3,-11.61,-6.16
651,4,-11.8,-16.8
651,5,-2.5,-5.57
651,6,0.58,-6.39
652,1,-9.5,-9.44
652,2,4.1,-6.59
652,3,-11.53,-6.04
652,4,-11.75,-16.77
652,5,-2.35,-5.6
652,6,0.48,-6.27
653,1,-9.41,-9.32
653,2,3.92,-6.6
653,3,-11.44,-5.93
653,4,-11.7,-16.75
653,5,-2.21,-5.64
653,6,0.37,-6.15
654,1,-9.31,-9.19
654,2,3.73,-6.6
654,3,-11.36,-5.82
654,4,-11.65,-16.74
654,5,-2.07,-5.68
654,6,0.25,-6.03
655,1,-9.22,-9.06
655,2,3.55,-6.6
655,3,-11.27,-5.7
655,4,-11.59,-16.72
655,5,-1.93,-5.71
655,6,0.13,-5.92
656,1,-9.12,-8.94
656,2,3.37,-6.6
656,3,-11.18,-5.59
656,4,-11.53,-16.72
656,5,-1.79,-5.75
656,6,-0.01,-5.81
657,1,-9.03,-8.8
657,2,3.19,-6.61
657,3,-11.08,-5.47
657,4,-11.47,-16.71
657,5,-1.64,-5.79
657,6,-0.14,-5.7
658,1,-8.95,-8.67
658,2,3.0,-6.61
658,3,-10.99,-5.35
658,4,-11.4,-16.71
658,5,-1.5,-5.83
658,6,-0.28,-5.58
659,1,-8.87,-8.53
659,2,2.8,-6.61
659,3,-10.89,-5.23
659,4,-11.32,-16.71
659,5,-1.36,-5.87
659,6,-0.42,-5.47
659,7,-14.4,-11.68
660,1,-8.79,-8.39
660,2,2.59,-6.62
660,3,-10.78,-5.1
660,4,-11.23,-16.71
660,5,-1.21,-5.91
660,6,-0.56,-5.36
660,7,-14.28,-11.65
661,1,-8.71,-8.25
661,2,2.38,-6.62
661,3,-10.67,-4.98
661,4,-11.12,-16.73
661,5,-1.06,-5.95
661,6,-0.69,-5.25
661,7,-14.13,-11.62
662,1,-8.64,-8.1
662,2,2.17,-6.62
662,3,-10.54,-4.86
662,4,-11.01,-16.74
662,5,-0.92,-5.99
662,6,-0.83,-5.14
662,7,-13.96,-11.59
663,1,-8.56,-7.95
663,2,1.96,-6.62
663,3,-10.41,-4.75
663,4,-10.89,-16.76
663,5,-0.77,-6.03
663,6,-0.97,-5.03
663,7,-13.78,-11.55
664,1,-8.48,-7.81
664,2,1.76,-6.63
664,3,-10.27,-4.64
664,4,-10.77,-16.78
664,5,-0.61,-6.07
664,6,-1.1,-4.92
664,7,-13.6,-11.51
665,1,-8.41,-7.66
665,2,1.55,-6.63
665,3,-10.13,-4.54
665,4,-10.64,-16.8
665,5,-0.45,-6.12
665,6,-1.24,-4.82
665,7,-13.41,-11.47
666,1,-8.34,-7.51
666,2,1.35,-6.63
666,3,-9.98,-4.44
666,4,-10.52,-16.82
666,5,-0.29,-6.17
666,6,-1.38,-4.72
666,7,-13.22,-11.43
667,1,-8.28,-7.36
667,2,1.15,-6.64
667,3,-9.83,-4.34
667,4,-10.39,-16.84
667,5,-0.13,-6.22
667,6,-1.53,-4.63
667,7,-13.03,-11.39
668,1,-8.23,-7.22
668,2,0.95,-6.64
668,3,-9.68,-4.24
668,4,-10.26,-16.86
668,5,0.04,-6.27
668,6,-1.67,-4.55
668,7,-12.83,-11.35
669,1,-8.19,-7.08
669,2,0.75,-6.64
669,3,-9.53,-4.14
669,4,-10.12,-16.89
669,5,0.21,-6.33
669,6,-1.82,-4.48
669,7,-12.62,-11.31
670,1,-8.15,-6.94
670,2,0.56,-6.64
670,3,-9.37,-4.06
670,4,-9.99,-16.91
670,5,0.38,-6.38
670,6,-1.98,-4.41
670,7,-12.41,-11.27
671,1,-8.11,-6.79
671,2,0.36,-6.65
671,3,-9.22,-4.0
671,4,-9.86,-16.93
671,5,0.55,-6.44
671,6,-2.13,-4.34
671,7,-12.2,-11.24
672,1,-8.07,-6.65
672,2,0.17,-6.65
672,3,-9.06,-3.96
672,4,-9.72,-16.95
672,5,0.73,-6.49
672,6,-2.28,-4.27
672,7,-11.99,-11.2
673,1,-8.03,-6.5
673,2,-0.02,-6.65
673,3,-8.9,-3.93
673,4,-9.58,-16.98
673,5,0.9,-6.55
673,6,-2.43,-4.2
673,7,-11.78,-11.18
674,1,-7.99,-6.36
674,2,-0.21,-6.66
674,3,-8.74,-3.92
674,4,-9.44,-17.0
674,5,1.07,-6.6
674,6,-2.57,-4.14
674,7,-11.57,-11.16
675,1,-7.94,-6.21
675,2,-0.4,-6.66
675,3,-8.58,-3.9
675,4,-9.3,-17.02
675,5,1.25,-6.66
675,6,-2.72,-4.07
675,7,-11.36,-11.14
676,1,-7.9,-6.06
676,2,-0.6,-6.66
676,3,-8.42,-3.89
676,4,-9.15,-17.05
676,5,1.43,-6.71
676,6,-2.87,-4.0
676,7,-11.15,-11.12
677,1,-7.86,-5.91
677,2,-0.81,-6.65
677,3,-8.25,-3.88
677,4,-9.01,-17.07
677,5,1.61,-6.77
677,6,-3.01,-3.94
677,7,-10.93,-11.1
678,1,-7.83,-5.75
678,2,-1.03,-6.65
678,3,-8.07,-3.87
678,4,-8.86,-17.09
678,5,1.78,-6.83
678,6,-3.16,-3.87
678,7,-10.7,-11.09
679,1,-7.8,-5.59
679,2,-1.25,-6.65
679,3,-7.89,-3.86
679,4,-8.72,-17.11
679,5,1.94,-6.89
679,6,-3.3,-3.8
679,7,-10.47,-11.07
680,1,-7.78,-5.43
680,2,-1.48,-6.64
680,3,-7.7,-3.86
680,4,-8.58,-17.13
680,5,2.09,-6.96
680,6,-3.44,-3.73
680,7,-10.23,-11.05
681,1,-7.77,-5.27
681,2,-1.71,-6.63
681,3,-7.51,-3.85
681,4,-8.45,-17.14
681,5,2.2,-7.04
681,6,-3.57,-3.65
681,7,-9.99,-11.03
682,1,-7.78,-5.1
682,2,-1.93,-6.63
682,3,-7.3,-3.85
682,4,-8.33,-17.15
682,5,2.28,-7.13
682,6,-3.68,-3.56
682,7,-9.75,-11.01
683,1,-7.78,-4.93
683,2,-2.16,-6.62
683,3,-7.1,-3.85
683,4,-8.22,-17.15
683,5,2.34,-7.23
683,6,-3.79,-3.45
683,7,-9.49,-10.99
684,1,-7.79,-4.76
684,2,-2.38,-6.61
684,3,-6.89,-3.85
684,4,-8.11,-17.15
684,5,2.38,-7.33
684,6,-3.89,-3.33
684,7,-9.24,-10.97
685,1,-7.8,-4.58
685,2,-2.59,-6.61
685,3,-6.68,-3.85
685,4,-8.01,-17.15
685,5,2.42,-7.43
685,6,-3.98,-3.21
685,7,-8.98,-10.94
686,1,-7.81,-4.41
686,2,-2.8,-6.61
686,3,-6.47,-3.85
686,4,-7.9,-17.14
686,5,2.45,-7.52
686,6,-4.07,-3.09
686,7,-8.71,-10.92
687,1,-7.81,-4.23
687,2,-3.01,-6.61
687,3,-6.25,-3.85
687,4,-7.79,-17.13
687,5,2.46,-7.62
687,6,-4.16,-2.97
687,7,-8.46,-10.9
688,1,-7.82,-4.07
688,2,-3.22,-6.62
688,3,-6.05,-3.85
688,4,-7.69,-17.1
688,5,2.44,-7.7
688,6,-4.25,-2.84
688,7,-8.21,-10.88
689,1,-7.84,-3.92
689,2,-3.41,-6.63
689,3,-5.86,-3.86
689,4,-7.58,-17.06
689,5,2.36,-7.77
689,6,-4.33,-2.72
689,7,-7.97,-10.86
690,1,-7.85,-3.82
690,2,-3.6,-6.66
690,3,-5.69,-3.88
690,4,-7.47,-17.0
690,5,2.23,-7.83
690,6,-4.41,-2.61
690,7,-7.74,-10.84
691,1,-7.87,-3.77
691,2,-3.78,-6.7
691,3,-5.55,-3.91
691,4,-7.37,-16.95
691,5,2.07,-7.88
691,6,-4.48,-2.5
691,7,-7.51,-10.82
692,1,-7.9,-3.78
692,2,-3.96,-6.74
692,3,-5.43,-3.94
692,4,-7.26,-16.89
692,5,1.89,-7.92
692,6,-4.55,-2.39
692,7,-7.28,-10.81
693,1,-7.92,-3.84
693,2,-4.14,-6.78
693,3,-5.31,-3.98
693,4,-7.15,-16.83
693,5,1.71,-7.96
693,6,-4.62,-2.28
693,7,-7.04,-10.79
694,1,-7.95,-3.91
694,2,-4.31,-6.83
694,3,-5.2,-4.02
694,4,-7.04,-16.77
694,5,1.52,-8.0
694,6,-4.69,-2.17
694,7,-6.8,-10.77
695,1,-7.98,-3.99
695,2,-4.49,-6.87
695,3,-5.09,-4.06
695,4,-6.92,-16.71
695,5,1.34,-8.04
695,6,-4.75,-2.06
695,7,-6.56,-10.75
696,1,-8.01,-4.06
696,2,-4.66,-6.91
696,3,-4.97,-4.1
696,4,-6.8,-16.65
696,5,1.16,-8.07
696,6,-4.82,-1.95
696,7,-6.31,-10.73
696,8,-13.4,-7.4
697,1,-8.03,-4.14
697,2,-4.83,-6.96
697,3,-4.85,-4.15
697,4,-6.67,-16.59
697,5,0.99,-8.09
697,6,-4.89,-1.84
697,7,-6.05,-10.71
697,8,-13.31,-7.41
698,1,-8.05,-4.23
698,2,-5.01,-7.01
698,3,-4.73,-4.2
698,4,-6.53,-16.54
698,5,0.82,-8.1
698,6,-4.96,-1.73
698,7,-5.8,-10.68
698,8,-13.2,-7.41
699,1,-8.07,-4.34
699,2,-5.19,-7.06
699,3,-4.61,-4.25
699,4,-6.39,-16.5
699,5,0.65,-8.09
699,6,-5.02,-1.62
699,7,-5.53,-10.66
699,8,-13.08,-7.42
700,1,-8.08,-4.47
700,2,-5.37,-7.11
700,3,-4.49,-4.31
700,4,-6.24,-16.45
700,5,0.49,-8.07
700,6,-5.09,-1.51
700,7,-5.26,-10.63
700,8,-12.95,-7.43
701,1,-8.08,-4.6
701,2,-5.55,-7.17
701,3,-4.36,-4.37
701,4,-6.09,-16.4
701,5,0.33,-8.05
701,6,-5.16,-1.41
701,7,-4.99,-10.61
701,8,-12.82,-7.44
702,1,-8.09,-4.74
702,2,-5.73,-7.22
702,3,-4.23,-4.42
702,4,-5.93,-16.36
702,5,0.17,-8.02
702,6,-5.22,-1.3
702,7,-4.71,-10.57
702,8,-12.68,-7.45
703,1,-8.1,-4.88
703,2,-5.91,-7.27
703,3,-4.11,-4.48
703,4,-5.77,-16.31
703,5,0.0,-8.01
703,6,-5.29,-1.19
703,7,-4.42,-10.54
703,8,-12.55,-7.46
704,1,-8.1,-5.02
704,2,-6.08,-7.32
704,3,-3.98,-4.54
704,4,-5.61,-16.26
704,5,-0.17,-8.01
704,6,-5.36,-1.08
704,7,-4.13,-10.5
704,8,-12.41,-7.47
705,1,-8.11,-5.16
705,2,-6.25,-7.38
705,3,-3.85,-4.6
705,4,-5.45,-16.21
705,5,-0.36,-8.02
705,6,-5.43,-0.97
705,7,-3.83,-10.46
705,8,-12.28,-7.48
706,1,-8.12,-5.3
706,2,-6.42,-7.43
706,3,-3.74,-4.67
706,4,-5.28,-16.16
706,5,-0.55,-8.05
706,6,-5.5,-0.86
706,7,-3.53,-10.42
706,8,-12.14,-7.48
707,1,-8.12,-5.43
707,2,-6.59,-7.48
707,3,-3.63,-4.76
707,4,-5.11,-16.11
707,5,-0.76,-8.09
707,6,-5.56,-0.75
707,7,-3.22,-10.38
707,8,-12.01,-7.49
708,1,-8.13,-5.57
708,2,-6.75,-7.53
708,3,-3.54,-4.88
708,4,-4.94,-16.06
708,5,-0.97,-8.14
708,6,-5.63,-0.64
708,7,-2.9,-10.34
708,8,-11.88,-7.5
709,1,-8.13,-5.7
709,2,-6.92,-7.58
709,3,-3.46,-5.01
709,4,-4.76,-16.0
709,5,-1.17,-8.19
709,6,-5.7,-0.53
709,7,-2.57,-10.29
709,8,-11.76,-7.5
710,1,-8.14,-5.83
710,2,-7.08,-7.62
710,3,-3.4,-5.16
710,4,-4.59,-15.95
710,5,-1.38,-8.24
710,6,-5.77,-0.41
710,7,-2.24,-10.25
710,8,-11.64,-7.51
711,1,-8.15,-5.97
711,2,-7.24,-7.68
711,3,-3.34,-5.32
711,4,-4.4,-15.89
711,5,-1.58,-8.29
711,6,-5.84,-0.3
711,7,-1.89,-10.21
711,8,-11.52,-7.51
712,1,-8.16,-6.11
712,2,-7.4,-7.73
712,3,-3.29,-5.48
712,4,-4.22,-15.84
712,5,-1.78,-8.33
712,6,-5.9,-0.19
712,7,-1.55,-10.16
712,8,-11.4,-7.51
713,1,-8.18,-6.26
713,2,-7.58,-7.79
713,3,-3.24,-5.64
713,4,-4.03,-15.78
713,5,-1.97,-8.38
713,6,-5.97,-0.08
713,7,-1.21,-10.12
713,8,-11.28,-7.52
714,1,-8.21,-6.4
714,2,-7.75,-7.86
714,3,-3.19,-5.8
714,4,-3.84,-15.72
714,5,-2.16,-8.43
714,6,-6.04,0.03
714,7,-0.87,-10.09
714,8,-11.15,-7.52
715,1,-8.26,-6.54
715,2,-7.94,-7.92
715,3,-3.14,-5.96
715,4,-3.66,-15.66
715,5,-2.35,-8.47
715,6,-6.11,0.14
715,7,-0.56,-10.08
715,8,-11.03,-7.52
716,1,-8.33,-6.67
716,2,-8.11,-7.98
716,3,-3.09,-6.12
716,4,-3.49,-15.58
716,5,-2.54,-8.52
716,6,-6.18,0.25
716,7,-0.28,-10.07
716,8,-10.91,-7.53
717,1,-8.43,-6.78
717,2,-8.28,-8.03
717,3,-3.04,-6.28
717,4,-3.35,-15.5
717,5,-2.73,-8.56
717,6,-6.25,0.36
717,7,-0.01,-10.08
717,8,-10.78,-7.53
718,1,-8.55,-6.85
718,2,-8.45,-8.07
718,3,-3.0,-6.45
718,4,-3.23,-15.4
718,5,-2.91,-8.61
718,6,-6.32,0.47
718,7,0.26,-10.09
718,8,-10.65,-7.53
719,1,-8.67,-6.89
719,2,-8.61,-8.1
719,3,-2.99,-6.61
719,4,-3.13,-15.29
719,5,-3.09,-8.65
719,6,-6.38,0.59
719,7,0.52,-10.11
719,8,-10.52,-7.53
720,1,-8.79,-6.89
720,2,-8.77,-8.14
720,3,-2.99,-6.78
720,4,-3.05,-15.18
720,5,-3.27,-8.7
720,6,-6.45,0.7
720,7,0.79,-10.13
720,8,-10.39,-7.54
721,1,-8.9,-6.86
721,2,-8.93,-8.17
721,3,-3.02,-6.95
721,4,-2.98,-15.07
721,5,-3.44,-8.74
721,6,-6.52,0.81
721,7,1.05,-10.14
721,8,-10.26,-7.54
722,1,-9.01,-6.82
722,2,-9.08,-8.21
722,3,-3.07,-7.12
722,4,-2.93,-14.96
722,5,-3.62,-8.78
722,6,-6.59,0.92
722,7,1.33,-10.16
722,8,-10.13,-7.54
723,1,-9.11,-6.77
723,2,-9.23,-8.24
723,3,-3.12,-7.3
723,4,-2.88,-14.84
723,5,-3.79,-8.82
723,6,-6.66,1.04
723,7,1.6,-10.18
723,8,-10.0,-7.55
724,1,-9.22,-6.72
724,2,-9.38,-8.28
724,3,-3.18,-7.47
724,4,-2.84,-14.73
724,5,-3.96,-8.86
724,6,-6.73,1.15
724,7,1.88,-10.19
724,8,-9.86,-7.55
725,1,-9.33,-6.67
725,2,-9.53,-8.31
725,3,-3.24,-7.64
725,4,-2.8,-14.61
725,5,-4.13,-8.89
725,6,-6.79,1.26
725,7,2.15,-10.21
725,8,-9.73,-7.56
726,1,-9.43,-6.62
726,2,-9.68,-8.34
726,3,-3.3,-7.81
726,4,-2.76,-14.49
726,5,-4.3,-8.93
726,6,-6.84,1.38
726,7,2.42,-10.23
726,8,-9.59,-7.56
727,1,-9.54,-6.57
727,2,-9.82,-8.37
727,3,-3.35,-7.98
727,4,-2.72,-14.37
727,5,-4.46,-8.97
727,6,-6.89,1.49
727,7,2.68,-10.25
727,8,-9.45,-7.56
728,1,-9.63,-6.52
728,2,-9.96,-8.41
728,3,-3.41,-8.14
728,4,-2.68,-14.25
728,5,-4.63,-9.0
728,6,-6.93,1.61
728,7,2.94,-10.27
728,8,-9.31,-7.57
729,1,-9.72,-6.46
729,2,-10.1,-8.44
729,3,-3.47,-8.3
729,4,-2.64,-14.13
729,5,-4.79,-9.04
729,6,-6.98,1.73
729,7,3.2,-10.28
729,8,-9.16,-7.57
730,1,-9.8,-6.4
730,2,-10.24,-8.47
730,3,-3.53,-8.44
730,4,-2.59,-14.01
730,5,-4.95,-9.08
730,6,-7.02,1.85
730,7,3.46,-10.3
730,8,-9.02,-7.57
731,1,-9.86,-6.34
731,2,-10.38,-8.5
731,3,-3.59,-8.58
731,4,-2.55,-13.88
731,5,-5.1,-9.11
731,6,-7.06,1.97
731,7,3.73,-10.32
731,8,-8.88,-7.58
732,1,-9.92,-6.28
732,2,-10.51,-8.52
732,3,-3.66,-8.7
732,4,-2.51,-13.76
732,5,-5.25,-9.15
732,6,-7.1,2.08
732,7,4.0,-10.34
732,8,-8.73,-7.58
733,1,-9.96,-6.21
733,2,-10.64,-8.54
733,3,-3.73,-8.81
733,4,-2.47,-13.63
733,5,-5.4,-9.18
733,6,-7.14,2.2
733,7,4.27,-10.36
733,8,-8.58,-7.58
734,1,-9.99,-6.15
734,2,-10.77,-8.56
734,3,-3.8,-8.92
734,4,-2.42,-13.5
734,5,-5.54,-9.22
734,6,-7.19,2.31
734,7,4.54,-10.38
734,8,-8.43,-7.59
735,1,-10.01,-6.08
735,2,-10.89,-8.56
735,3,-3.88,-9.03
735,4,-2.38,-13.37
735,5,-5.68,-9.26
735,6,-7.24,2.41
735,7,4.82,-10.4
735,8,-8.28,-7.59
736,1,-10.0,-6.02
736,2,-11.01,-8.56
736,3,-3.95,-9.14
736,4,-2.34,-13.24
736,5,-5.81,-9.3
736,6,-7.31,2.5
736,7,5.11,-10.42
736,8,-8.12,-7.6
737,1,-9.97,-5.96
737,2,-11.13,-8.56
737,3,-4.02,-9.25
737,4,-2.3,-13.1
737,5,-5.94,-9.33
737,6,-7.38,2.58
737,7,5.39,-10.44
737,8,-7.97,-7.6
738,1,-9.9,-5.91
738,2,-11.24,-8.55
738,3,-4.1,-9.39
738,4,-2.27,-12.97
738,5,-6.07,-9.37
738,6,-7.47,2.65
738,7,5.67,-10.46
738,8,-7.81,-7.6
739,1,-9.82,-5.87
739,2,-11.36,-8.55
739,3,-4.17,-9.54
739,4,-2.26,-12.82
739,5,-6.2,-9.41
739,6,-7.55,2.71
739,7,5.93,-10.48
739,8,-7.65,-7.61
740,1,-9.72,-5.83
740,2,-11.47,-8.54
740,3,-4.25,-9.72
740,4,-2.27,-12.68
740,5,-6.34,-9.44
740,6,-7.64,2.77
740,7,6.14,-10.49
740,8,-7.49,-7.61
741,1,-9.61,-5.79
741,2,-11.58,-8.53
741,3,-4.34,-9.91
741,4,-2.28,-12.53
741,5,-6.47,-9.47
741,6,-7.73,2.82
741,7,6.29,-10.5
741,8,-7.33,-7.62
742,1,-9.49,-5.76
742,2,-11.69,-8.52
742,3,-4.42,-10.11
742,4,-2.3,-12.37
742,5,-6.62,-9.49
742,6,-7.82,2.88
742,8,-7.17,-7.62
743,1,-9.37,-5.73
743,2,-11.79,-8.49
743,3,-4.5,-10.3
743,4,-2.32,-12.22
743,5,-6.77,-9.52
743,6,-7.91,2.93
743,8,-7.0,-7.62
744,1,-9.25,-5.7
744,2,-11.88,-8.45
744,3,-4.57,-10.49
744,4,-2.35,-12.06
744,5,-6.92,-9.53
744,6,-8.0,2.98
744,8,-6.83,-7.63
745,1,-9.13,-5.68
745,2,-11.97,-8.39
745,3,-4.64,-10.66
745,4,-2.37,-11.91
745,5,-7.08,-9.55
745,6,-8.09,3.01
745,8,-6.66,-7.63
746,1,-9.01,-5.66
746,2,-12.05,-8.32
746,3,-4.71,-10.82
746,4,-2.4,-11.75
746,5,-7.24,-9.56
746,6,-8.2,3.01
746,8,-6.49,-7.64
747,1,-8.89,-5.66
747,2,-12.12,-8.24
747,3,-4.78,-10.97
747,4,-2.42,-11.59
747,5,-7.39,-9.58
747,6,-8.3,3.0
747,8,-6.32,-7.64
748,1,-8.76,-5.67
748,2,-12.19,-8.16
748,3,-4.85,-11.1
748,4,-2.44,-11.43
748,5,-7.55,-9.59
748,6,-8.41,2.97
748,8,-6.14,-7.65
749,1,-8.64,-5.68
749,2,-12.26,-8.09
749,3,-4.93,-11.23
749,4,-2.47,-11.27
749,5,-7.7,-9.61
749,6,-8.52,2.93
749,8,-5.96,-7.65
750,1,-8.52,-5.69
750,2,-12.31,-8.01
750,3,-5.02,-11.35
750,4,-2.5,-11.12
750,5,-7.87,-9.62
750,6,-8.63,2.89
750,8,-5.78,-7.65
751,1,-8.39,-5.7
751,2,-12.34,-7.94
751,3,-5.1,-11.47
751,4,-2.53,-10.97
751,5,-8.03,-9.63
751,6,-8.75,2.84
751,8,-5.6,-7.66
752,1,-8.27,-5.71
752,2,-12.34,-7.87
752,3,-5.19,-11.6
752,4,-2.57,-10.83
752,5,-8.2,-9.64
752,6,-8.85,2.8
752,8,-5.42,-7.66
753,1,-8.14,-5.72
753,2,-12.34,-7.79
753,3,-5.27,-11.71
753,4,-2.61,-10.71
753,5,-8.37,-9.65
753,6,-8.96,2.75
753,8,-5.24,-7.67
754,1,-8.01,-5.73
754,2,-12.34,-7.7
754,3,-5.35,-11.83
754,4,-2.66,-10.59
754,5,-8.53,-9.66
754,6,-9.06,2.69
754,8,-5.06,-7.68
755,1,-7.88,-5.75
755,2,-12.34,-7.6
755,3,-5.44,-11.94
755,4,-2.71,-10.48
755,5,-8.7,-9.67
755,6,-9.15,2.62
755,8,-4.9,-7.69
756,1,-7.76,-5.78
756,2,-12.34,-7.5
756,3,-5.54,-12.04
756,4,-2.76,-10.36
756,5,-8.86,-9.68
756,6,-9.23,2.53
756,8,-4.74,-7.7
757,1,-7.64,-5.83
757,2,-12.34,-7.39
757,3,-5.66,-12.13
757,4,-2.81,-10.25
757,5,-9.02,-9.69
757,6,-9.31,2.43
757,8,-4.6,-7.71
758,1,-7.54,-5.92
758,2,-12.32,-7.3
758,3,-5.79,-12.2
758,4,-2.86,-10.14
758,5,-9.17,-9.7
758,6,-9.38,2.31
758,8,-4.45,-7.72
759,1,-7.44,-6.03
759,2,-12.27,-7.21
759,3,-5.93,-12.27
759,4,-2.91,-10.03
759,5,-9.3,-9.71
759,6,-9.45,2.19
759,8,-4.31,-7.73
760,1,-7.35,-6.17
760,2,-12.22,-7.12
760,3,-6.08,-12.33
760,4,-2.96,-9.91
760,5,-9.43,-9.73
760,6,-9.52,2.06
760,8,-4.16,-7.75
761,1,-7.27,-6.32
761,2,-12.16,-7.04
761,3,-6.22,-12.38
761,4,-3.0,-9.79
761,5,-9.53,-9.75
761,6,-9.58,1.93
761,8,-4.02,-7.76
762,1,-7.19,-6.47
762,2,-12.09,-6.97
762,3,-6.37,-12.44
762,4,-3.04,-9.65
762,5,-9.63,-9.78
762,6,-9.62,1.82
762,8,-3.87,-7.78
763,1,-7.11,-6.63
763,2,-12.02,-6.91
763,3,-6.52,-12.49
763,4,-3.08,-9.5
763,5,-9.73,-9.81
763,6,-9.65,1.71
763,8,-3.72,-7.79
764,1,-7.03,-6.79
764,2,-11.96,-6.88
764,3,-6.67,-12.53
764,4,-3.1,-9.33
764,5,-9.84,-9.83
764,6,-9.68,1.61
764,8,-3.58,-7.8
765,1,-6.94,-6.94
765,2,-11.9,-6.86
765,3,-6.82,-12.56
765,4,-3.12,-9.14
765,5,-9.95,-9.86
765,6,-9.7,1.52
765,8,-3.43,-7.81
766,1,-6.84,-7.1
766,2,-11.83,-6.87
766,3,-6.99,-12.57
766,4,-3.13,-8.95
766,5,-10.08,-9.89
766,6,-9.72,1.42
766,8,-3.28,-7.82
767,1,-6.73,-7.26
767,2,-11.77,-6.88
767,3,-7.15,-12.58
767,4,-3.15,-8.77
767,5,-10.22,-9.91
767,6,-9.74,1.33
767,8,-3.14,-7.82
768,1,-6.62,-7.43
768,2,-11.71,-6.9
768,3,-7.32,-12.59
768,4,-3.16,-8.59
768,5,-10.35,-9.94
768,6,-9.76,1.24
768,8,-3.01,-7.81
769,1,-6.5,-7.59
769,2,-11.65,-6.92
769,3,-7.49,-12.59
769,4,-3.19,-8.42
769,5,-10.49,-9.97
769,6,-9.78,1.14
769,8,-2.87,-7.79
770,1,-6.39,-7.76
770,2,-11.59,-6.94
770,3,-7.65,-12.59
770,4,-3.21,-8.27
770,5,-10.63,-9.99
770,6,-9.8,1.05
770,8,-2.74,-7.78
771,1,-6.27,-7.92
771,2,-11.53,-6.96
771,3,-7.81,-12.6
771,4,-3.24,-8.13
771,5,-10.77,-10.02
771,6,-9.81,0.95
771,8,-2.61,-7.76
772,1,-6.15,-8.08
772,2,-11.48,-6.99
772,3,-7.97,-12.6
772,4,-3.28,-8.0
772,5,-10.9,-10.05
772,6,-9.81,0.85
772,8,-2.47,-7.74
773,1,-6.04,-8.25
773,2,-11.44,-7.02
773,3,-8.13,-12.6
773,4,-3.31,-7.87
773,5,-11.03,-10.07
773,6,-9.82,0.74
773,8,-2.34,-7.73
774,1,-5.92,-8.41
774,2,-11.42,-7.05
774,3,-8.29,-12.61
774,4,-3.34,-7.74
774,5,-11.16,-10.1
774,6,-9.81,0.64
774,8,-2.2,-7.71
775,1,-5.8,-8.58
775,2,-11.42,-7.1
775,3,-8.44,-12.61
775,4,-3.38,-7.61
775,5,-11.29,-10.12
775,6,-9.81,0.54
775,8,-2.06,-7.69
776,1,-5.69,-8.74
776,2,-11.43,-7.15
776,3,-8.59,-12.61
776,4,-3.41,-7.48
776,5,-11.42,-10.15
776,6,-9.81,0.43
776,8,-1.92,-7.67
777,1,-5.57,-8.9
777,2,-11.45,-7.2
777,3,-8.74,-12.61
777,4,-3.45,-7.35
777,5,-11.54,-10.17
777,6,-9.81,0.33
777,8,-1.78,-7.66
778,1,-5.45,-9.06
778,2,-11.47,-7.26
778,3,-8.89,-12.62
778,4,-3.5,-7.22
778,5,-11.67,-10.19
778,6,-9.81,0.23
778,8,-1.64,-7.64
779,1,-5.33,-9.21
779,2,-11.5,-7.32
779,3,-9.03,-12.62
779,4,-3.57,-7.1
779,5,-11.79,-10.22
779,6,-9.81,0.13
779,8,-1.49,-7.62
780,1,-5.19,-9.33
780,2,-11.54,-7.39
780,3,-9.18,-12.62
780,4,-3.64,-6.98
780,5,-11.9,-10.24
780,6,-9.8,0.02
780,8,-1.35,-7.6
781,1,-5.04,-9.44
781,2,-11.59,-7.49
781,3,-9.32,-12.63
781,4,-3.72,-6.87
781,5,-12.01,-10.28
781,6,-9.8,-0.08
781,8,-1.2,-7.58
782,1,-4.88,-9.51
782,2,-11.66,-7.61
782,3,-9.46,-12.63
782,4,-3.81,-6.75
782,5,-12.11,-10.31
782,6,-9.8,-0.19
782,8,-1.06,-7.56
783,1,-4.71,-9.57
783,2,-11.76,-7.76
783,3,-9.6,-12.63
783,4,-3.9,-6.64
783,5,-12.2,-10.36
783,6,-9.8,-0.31
783,8,-0.91,-7.53
784,1,-4.52,-9.62
784,2,-11.86,-7.91
784,3,-9.73,-12.63
784,4,-3.99,-6.53
784,5,-12.28,-10.41
784,6,-9.8,-0.42
784,8,-0.75,-7.49
785,1,-4.34,-9.66
785,2,-11.96,-8.06
785,3,-9.87,-12.64
785,4,-4.07,-6.42
785,5,-12.36,-10.46
785,6,-9.8,-0.54
785,8,-0.59,-7.43
786,1,-4.17,-9.68
786,2,-12.07,-8.19
786,3,-10.0,-12.64
786,4,-4.16,-6.31
786,5,-12.43,-10.51
786,6,-9.8,-0.66
786,8,-0.43,-7.33
787,1,-4.01,-9.68
787,2,-12.16,-8.31
787,3,-10.13,-12.64
787,4,-4.25,-6.19
787,5,-12.51,-10.56
787,6,-9.81,-0.77
787,8,-0.26,-7.21
788,1,-3.85,-9.67
788,2,-12.26,-8.42
788,3,-10.26,-12.64
788,4,-4.34,-6.08
788,5,-12.58,-10.61
788,6,-9.82,-0.88
788,8,-0.1,-7.08
789,1,-3.71,-9.64
789,2,-12.35,-8.53
789,3,-10.39,-12.65
789,4,-4.43,-5.97
789,5,-12.65,-10.66
789,6,-9.85,-0.99
789,8,0.06,-6.96
790,1,-3.56,-9.61
790,2,-12.44,-8.63
790,3,-10.52,-12.65
790,4,-4.52,-5.86
790,5,-12.72,-10.71
790,6,-9.89,-1.09
790,8,0.21,-6.86
791,1,-3.43,-9.57
791,2,-12.52,-8.73
791,3,-10.64,-12.65
791,4,-4.6,-5.75
791,5,-12.79,-10.76
791,6,-9.93,-1.18
791,8,0.34,-6.78
792,1,-3.3,-9.54
792,2,-12.6,-8.81
792,3,-10.74,-12.65
792,4,-4.68,-5.65
792,5,-12.85,-10.8
792,6,-9.97,-1.26
792,8,0.46,-6.72
793,1,-3.2,-9.51
793,2,-12.66,-8.88
793,3,-10.83,-12.65
793,4,-4.75,-5.57
793,5,-12.9,-10.83
793,6,-10.01,-1.33
793,8,0.56,-6.67
794,1,-3.13,-9.49
794,2,-12.7,-8.93
794,3,-10.89,-12.66
794,4,-4.79,-5.52
794,5,-12.94,-10.86
794,6,-10.03,-1.38
794,8,0.63,-6.64
