-2.2446031005469065,20.03446599380036
-2.2405570715650525,20.077068322525193
-2.236512408671242,20.119656267138577
-2.232469111173727,20.162229834924172
-2.228427178381231,20.20478903316075
-2.2243866096029405,20.24733386912217
-2.2444470179509315,19.46849094841433
-2.240394676130982,19.51125573841949
-2.2363437046738563,19.554006066841456
-2.232294102884557,19.59674194101461
-2.2282458700685552,19.639463368268352
-2.2241990055317964,19.68217035592716
-2.22015350858069,19.724862911310538
-2.2161093785221175,19.767541041733054
-2.212066614663427,19.81020475450433
-2.208025216312435,19.852854056929065
-2.203985182777425,19.895488956306988
-2.199946513367149,19.93810945993294
-2.195909207390823,19.98071557509682
-2.191873264158133,20.023307309083584
-2.1878386829792276,20.065884669173304
-2.183805463164724,20.10844766264114
-2.1797736040257023,20.150996296757306
-2.1757431048737077,20.193530578787144
-2.1717139650207504,20.236050515991092
-2.244290445410583,18.900739303357565
-2.2402317710228354,18.943667365438554
-2.236174471292789,18.986580887946882
-2.2321185455221744,19.029479878268063
-2.228063993013196,19.07236434378259
-2.22401081306853,19.115234291865953
-2.219959004991324,19.158089729888662
-2.215908568085201,19.200930665216244
-2.211859501654249,19.243757105209212
-2.2078118050030326,19.28656905722314
-2.2037654774365842,19.329366528608602
-2.199720518260406,19.372149526711187
-2.19567692678047,19.414918058871542
-2.1916347023032188,19.45767213242536
-2.1875938441355616,19.500411754703332
-2.183554351584878,19.543136933031224
-2.1795162239590162,19.585847674729862
-2.1754794605662897,19.628543987115087
-2.171444060715481,19.671225877497836
-2.1674100237158385,19.713893353184094
-2.1633773488770776,19.7565464214749
-2.159346035509379,19.799185089666377
-2.1553160829233917,19.84180936504973
-2.1512874904302266,19.884419254911215
-2.147260257341462,19.92701476653219
-2.14323438296914,19.969595907189106
-2.2441333806153283,18.33120268034192
-2.240068353837445,18.374294830538524
-2.236004706032363,18.417372362651097
-2.2319424364985205,18.460435284116667
-2.227881544534832,18.50348360236724
-2.2238220294406883,18.54651732482979
-2.219763890515953,18.589536458926215
-2.215707127060968,18.63254101207343
-2.2116517383765455,18.675530991683292
-2.2075977237639735,18.71850640516265
-2.2035450825250127,18.76146725991332
-2.199493813961897,18.804413563332133
-2.195443917377334,18.847345322810874
-2.191395392074501,18.890262545736334
-2.1873482373570505,18.93316523949033
-2.183302452529103,18.97605341144963
-2.179258036895253,19.018927068986063
-2.1752149897605624,19.061786219466434
-2.1711733104305666,19.10463087025257
-2.167132998211267,19.147461028701326
-2.1630940524091398,19.190276702164585
-2.159056472331125,19.233077897989233
-2.155020257284634,19.27586462351721
-2.1509854065775458,19.318636886085503
-2.1469519195182065,19.3613946930261
-2.1429197954154313,19.40413805166607
-2.2439758212400807,17.75987264831459
-2.2399044221565076,17.803129707952923
-2.235834406381184,17.84637207046963
-2.2317657732092386,17.889599743353735
-2.2276985219362726,17.932812734089165
-2.223632651858372,17.976011050154785
-2.219568162272095,18.019194699024354
-2.215505052474482,18.062363688166577
-2.2114433217630474,18.105518025045086
-2.207382969435783,18.148657717118432
-2.2033239947911594,18.191782771840128
-2.1992663971281194,18.234893196658614
-2.1952101757460856,18.277988999017275
-2.1911553299449515,18.321070186354458
-2.1871018590250886,18.36413676610347
-2.183049762287341,18.407188745692554
-2.178999039033027,18.450226132544945
-2.174949688563939,18.49324893407883
-2.1709017101823433,18.53625715770737
-2.166855103190976,18.57925081083871
-2.16280986689305,18.62222990087598
-2.158766000592246,18.66519443521727
-2.1547235035927192,18.708144421255685
-2.1506823751990938,18.75107986637933
-2.146642614716465,18.794000777971277
-2.142604221450401,18.83690716340963
-2.2519775135701097,17.099850771311914
-2.247896944716577,17.143303143071012
-2.243817764945087,17.18674072304213
-2.2397399735464667,17.23016351877697
-2.2356635698120253,17.2735715378221
-2.231588553033555,17.316964787718966
-2.2275149225033277,17.36034327600385
-2.2234426775140994,17.403707010207942
-2.219371817359105,17.447055997857298
-2.215302341332061,17.490390246472842
-2.2112342487271657,17.533709763570407
-2.2071675388390926,17.5770145566607
-2.2031022109630003,17.620304633249333
-2.199038264394522,17.663580000836806
-2.1949756984297717,17.706840666918545
-2.1909145123653406,17.750086638984854
-2.1868547054982987,17.793317924520974
-2.1827962771261906,17.836534531007057
-2.1787392265470427,17.87973646591817
-2.174683553059353,17.922923736724304
-2.170629255962099,17.966096350890396
-2.166576334554733,18.009254315876294
-2.1625247881371807,18.052397639136796
-2.1584746160098467,18.095526328121657
-2.1544258174736046,18.138640390275544
-2.150378391829809,18.18173983303811
-2.1463323383802813,18.224824663843954
-2.1422876564273223,18.267894890122616
-2.243659209375814,16.61179836669042
-2.2395750055584,16.655387730548032
-2.235492193781699,16.69896223761302
-2.231410773334148,16.742521895479662
-2.2273307435046688,16.78606671173706
-2.223252103582666,16.829596693969172
-2.219174852858031,16.873111849754753
-2.215098990621135,16.91661218666741
-2.211024516162838,16.96009771227562
-2.206951428774477,17.003568434142657
-2.202879727747875,17.047024359826686
-2.198809412375335,17.09046549688071
-2.194740481949643,17.1338918528526
-2.1906729357640664,17.17730343528508
-2.1866067731123517,17.220700251715762
-2.182541993288728,17.26408230967711
-2.1784785955879022,17.307449616696474
-2.1744165793050625,17.3508021802961
-2.170355943735874,17.39414000799309
-2.166296688176484,17.437463107299468
-2.1622388119235127,17.480771485722133
-2.158182314274066,17.52406515076289
-2.154127194525719,17.567344109918444
-2.150073451976531,17.61060837068042
-2.1460210859250335,17.653857940535335
-2.1419700956702354,17.697092826964635
-2.2435001521628304,16.03503698740076
-2.2394095157278855,16.078793756822105
-2.2353202757309267,16.122535588808667
-2.231232431457015,16.166262491008037
-2.227145982191696,16.20997447106256
-2.223060927221007,16.253671536609378
-2.2189772658314695,16.29735369528044
-2.2148949973100938,16.341020954702447
-2.2108141209443746,16.384673322496948
-2.206734636022295,16.428310806280262
-2.2026565418323214,16.471933413663518
-2.198579837663405,16.515541152252666
-2.194504522804984,16.559134029648476
-2.1904305965469786,16.602712053446517
-2.186358058179792,16.646275231237198
-2.1822869069943147,16.689823570605764
-2.1782171422819165,16.733357079132276
-2.174148763334453,16.776875764391644
-2.1700817694442582,16.82037963395362
-2.1660161599041508,16.863868695382802
-2.1619519340074285,16.907342956238626
-2.157889091047873,16.950802424075416
-2.1538276303197432,16.994247106442312
-2.1497675511177805,17.037677010883353
-2.2433405909216857,15.456447938861839
-2.2392435015748915,15.500372956746185
-2.2351478130842235,15.544282956009939
-2.2310535247313434,15.588177944354424
-2.2269606357984055,15.632057929475707
-2.222869145568054,15.675922919064567
-2.218779053323422,15.719772920806555
-2.2146903583481348,15.76360794238196
-2.210603059926306,15.807427991465815
-2.206517157342536,15.851233075727922
-2.202432649881918,15.895023202832856
-2.19834953683003,15.938798380439929
-2.194267817472937,15.982558616203244
-2.1901874910971957,16.02630391777169
-2.1861085569898453,16.070034292788904
-2.1820310144384147,16.11374974889334
-2.177954862730916,16.157450293718227
-2.173880101155849,16.201135934891585
-2.169806729002197,16.244806680036227
-2.16573474555943,16.2884625367698
-2.161664150117501,16.33210351270471
-2.1575949419668463,16.375729615448204
-2.1535271203983894,16.41934085260235
-2.149460684703533,16.462937231764016
-2.1453956341741645,16.506518760524905
-2.1413319681026524,16.550085446471556
-2.243180523252797,14.876022519877713
-2.2390769606036405,14.920116634626662
-2.234974803249752,14.96419564902109
-2.230874050469374,15.00825957081651
-2.2267747015412436,15.052308407763137
-2.222676755744592,15.096342167605854
-2.2185802123591443,15.140360858084268
-2.2144850706651162,15.184364486932681
-2.2103913299432185,15.228353061880094
-2.206298989474652,15.272326590650229
-2.2022080485411095,15.316285080961537
-2.1981185064247772,15.36022854052716
-2.1940303624083293,15.404156977054996
-2.1899436157749324,15.448070398247664
-2.1858582658082417,15.491968811802503
-2.181774311792403,15.535852225411615
-2.17769175301205,15.579720646761839
-2.173610588752305,15.62357408353475
-2.1695308182987816,15.667412543406687
-2.1654524409375773,15.71123603404876
-2.16137545595528,15.755044563126805
-2.157299862638963,15.79883813830146
-2.1532256602761866,15.842616767228124
-2.1491528481549973,15.886380457556951
-2.145081425563928,15.930129216932903
-2.1410113917919946,15.973863052995718
-2.2389098903024927,14.338016039493564
-2.234801243619208,14.382264922414453
-2.2306940059662685,14.426498630504412
-2.2265881766189737,14.47071717156825
-2.222483754853119,14.514920553405425
-2.2183807399449975,14.559108783810046
-2.214279131171397,14.603281870570875
-2.2101789278096025,14.647439821471352
-2.206080129137393,14.691582644289564
-2.2019827344330443,14.735710346798284
-2.197886742975324,14.779822936764958
-2.1937921540434937,14.823920421951705
-2.189698966917311,14.868002810115339
-2.1856071808770237,14.912070109007361
-2.1815167952033736,14.956122326373961
-2.1774278091775954,15.000159469956031
-2.173340222081414,15.044181547489181
-2.1692540331970482,15.088188566703694
-2.165169241807205,15.1321805353246
-2.1610858471950833,15.176157461071636
-2.1570038486443712,15.22011935165924
-2.1529232454392484,15.264066214796609
-2.1488440368643813,15.30799805818765
-2.144766222204928,15.351914889531004
-2.1406898007465323,15.39581671652006
-2.238742288143816,13.75406236466061
-2.2346271315676827,13.798481975090898
-2.230513388499974,13.84288632790159
-2.2264010582125304,13.887275430952565
-2.222290139977692,13.931649292098289
-2.2181806330682976,13.976007919187852
-2.2140725367576852,14.020351320064943
-2.209965850319693,14.064679502567872
-2.2058605730286542,14.10899247452957
-2.201756704159404,14.15329024377759
-2.1976542429872734,14.197572818134121
-2.19355318878809,14.241840205415981
-2.189453540838179,14.286092413434634
-2.18535529841436,14.330329449996174
-2.1812584607939507,14.374551322901365
-2.177163027254762,14.418758039945601
-2.173068997075101,14.46294960891895
-2.1689763695337705,14.50712603760614
-2.164885143910064,14.551287333786552
-2.160795319483772,14.595433505234256
-2.156706895535177,14.63956455971799
-2.1526198713450535,14.683680505001174
-2.1485342461946693,14.727781348841903
-2.144450019365784,14.771867098992983
-2.140367190140649,14.815937763201893
-2.238574151583863,13.168246747281096
-2.2344524644535295,13.212837949836162
-2.2303321953310844,13.257413811421625
-2.2262133434848854,13.301974339952896
-2.222095908183793,13.346519543339925
-2.217979888697171,13.391049429487234
-2.2138652842948847,13.435564006293907
-2.2097520942473037,13.480063281653592
-2.205640317825296,13.524547263454519
-2.201529954300234,13.569015959579492
-2.197421002943988,13.613469377905904
-2.1933134630289297,13.65790752630572
-2.1892073338279308,13.702330412645528
-2.1851026146143604,13.746738044786483
-2.180999304662091,13.791130430584355
-2.176897403245489,13.835507577889528
-2.1727969096394197,13.87986949454698
-2.16869782311925,13.92421618839632
-2.1646001429608384,13.968547667271771
-2.1605038684405447,14.012863939002187
-2.156408998835222,14.057165011411035
-2.1523155334222204,14.101450892316445
-2.148223471479387,14.145721589531156
-2.144132812285062,14.18997711086257
-2.140043555118081,14.234217464112735
-2.135955699257775,14.27844265707834
-2.2384054780626337,12.580560267899504
-2.234277239618234,12.625323932872888
-2.2301504237027028,12.67007217296068
-2.2260250295808937,12.714804996134282
-2.2219010565181674,12.759522410359612
-2.217778503780389,12.804224423597084
-2.21365737063393,12.848911043801643
-2.2095376563456686,12.89358227892275
-2.205419360182986,12.938238136904403
-2.201302481413767,12.98287862568511
-2.197187019306403,13.027503753197944
-2.1930729731297847,13.072113527370497
-2.188960342153311,13.116707956124916
-2.1848491256468785,13.161287047377902
-2.1807393228808882,13.205850809040701
-2.176630933126244,13.250399249019127
-2.1725239556543485,13.294932375213556
-2.168418389737107,13.339450195518936
-2.1643142346469237,13.38395271782478
-2.1602114896567035,13.428439950015198
-2.1561101540398515,13.472911899968862
-2.1520102270702712,13.517368575559045
-2.1479117080223658,13.561809984653614
-2.143814596171034,13.60623613511502
-2.1397188907916758,13.650647034800325
-2.135624591160186,13.695042691561207
-2.1887125620572316,12.529216135739212
-2.1845948276573157,12.573967555305192
-2.1804785114983747,12.618703561468877
-2.1763636128478225,12.663424162191973
-2.1722501309735773,12.708129365430711
-2.1681380651440647,12.752819179135857
-2.1640274146282095,12.797493611252685
-2.159918178695442,12.842152669721013
-2.155810356615696,12.886796362475193
-2.151703947659405,12.931424697444115
-2.147598951097507,12.976037682551212
-2.14349536620144,13.020635325714482
-2.1393931922431424,13.065217634846462
-2.1352924284950547,13.109784617854249
-2.1349592062162044,12.52265954478546
-2.1308533718728997,12.567383320219433
-2.0812749387936518,12.516111380924166
-2.0771809773300514,12.560807546300994
-2.0235775109920167,12.554240217250639
-2.0194967985715904,12.598893451340356
-1.9700428401635257,12.547681316810957
-1.9659739415339161,12.592307028118535
-1.9165768324896957,12.541130828766235
-1.9125197207145634,12.585729051142058
-1.8631793559549403,12.534588736942343
-1.8591340041723738,12.579159504174502
-1.8098502788818864,12.528055025206575
-1.8058166603041523,12.572598371021009
-1.7525675578435833,12.566045635528198
-1.7485470236664844,12.610546342393693
-1.6993865658601546,12.559501281584003
-1.6953777066539182,12.603974653415554
-1.6462735537580833,12.552965293117547
-1.6422763429713574,12.597411363419662
-1.5932283912752505,12.546437654099021
-1.5892428024298249,12.59085645631476
-1.5402509484821303,12.539918348539533
-1.53627695517269,12.584309916050657
-1.4873410957807338,12.533407360491001
-1.483378671674618,12.577771726618122
-1.4305478227405097,12.57124187204873
-1.426598289745179,12.615563940773642
-1.3777842795044521,12.564720336414744
-1.3738462584781084,12.609015289103024
-1.325087913428669,12.558207103828998
-1.3211613782701588,12.602474973583355
-1.2724585963024788,12.55170215844474
-1.268543520982288,12.59594297830742
-1.2198962002412506,12.545205484455517
-1.2159925588012688,12.589419287408445
-1.163508364238658,12.582903885059988
-1.159617454503378,12.627075676509609
-1.1110908101297603,12.57639675547578
-1.107211277862982,12.620541614497897
-1.058739769632604,12.56989788290963
-1.054871589103725,12.614015842271217
-1.0064551162269177,12.563407251655276
-1.0025982617757443,12.607498344063648
-2.148641215032013,-1.1291521885101625
-2.1443798504164717,-1.080323366428089
-2.14012000724703,-1.0315119778274604
-2.1358616847090257,-0.9827180133734609
-2.1316048819883773,-0.9339414637379406
-2.127349598271584,-0.8851823195994039
-2.123095832745724,-0.8364405716430049
-2.118843584598458,-0.7877162105605495
-2.1145928530180256,-0.7390092270504774
-2.1103436371932434,-0.6903196118178622
-2.1060959363135083,-0.6416473555744102
-0.954236723713112,12.556924846046263
-0.9503911697496241,12.600989104149228
-2.1440487481101833,-1.713755985520148
-2.139781907063429,-1.6647504680017955
-2.135516591668983,-1.6157624729034432
-2.131252801108722,-1.5667919908287906
-2.1269905345651083,-1.51783901238826
-2.1227297912211895,-1.4689035281989786
-2.118470570260596,-1.4199855288847791
-2.1142128708675405,-1.3710850050761993
-2.109956692226821,-1.3222019474104634
-2.105702033523816,-1.2733363465314842
-2.101448893944486,-1.2244881930898597
-2.0971972726753716,-1.175657477742859
-2.092947168903597,-1.1268441911544194
-2.0886985818168644,-1.0780483239951477
-2.0844515106034547,-1.0292698669423017
-2.0802059544522304,-0.9805088106797919
-2.0759619125526316,-0.9317651458981786
-2.071719384094676,-0.8830388632946565
-2.0674783682689597,-0.8343299535730546
-2.063238864266654,-0.7856384074438341
-2.0590008712795105,-0.7369642156240734
-2.0547643884998523,-0.6883073688374663
-2.0505294151205815,-0.6396678578143224
-2.046295950335174,-0.5910456732915499
-0.8982501872153876,12.594488106841832
-0.8944172078727772,12.638510636451809
-2.139442684791483,-2.3000905528049342
-2.1351703535377675,-2.2509075068812003
-2.1308995521599488,-2.2017420728775137
-2.126630279836425,-2.15259424133561
-2.1223625357461833,-2.103464002803996
-2.1180963190687985,-2.0543513478379403
-2.1138316289844337,-2.005256266999476
-2.1095684646738357,-1.9561787508573862
-2.1053068253183396,-1.9071187899872022
-2.1010467100998667,-1.8580763749711935
-2.096788118200922,-1.8090514963983715
-2.092531048804594,-1.76004414486447
-2.0882755010945586,-1.7110543109719476
-2.084021474255072,-1.662081985329984
-2.0797689674709745,-1.6131271585544646
-2.0755179799276893,-1.5641898212679812
-2.0712685108112194,-1.5152699640998282
-2.067020559308154,-1.4663675776859897
-2.0627741246056575,-1.4174826526691353
-2.0585292058914777,-1.3686151796986223
-2.054285802353942,-1.3197651494304772
-2.050043913181958,-1.270932552527396
-2.0458035375650105,-1.2221173796587435
-2.041564674693161,-1.173319621500536
-1.9950367932149347,-0.637690992637139
-1.9908160203190441,-0.5891014861489118
-0.8461751886814758,12.587995336495025
-0.8423534542232247,12.631991115428374
-2.1348229646064296,-2.8881635879025347
-2.1305451293195934,-2.8388021755198887
-2.126268828149718,-2.7894584651231504
-2.121994060271706,-2.7401324471916015
-2.117720824861047,-2.6908241122113483
-2.1134491210938244,-2.641533450675316
-2.109178948146714,-2.5922604530832447
-2.104910305196978,-2.543005109941684
-2.1006431914224692,-2.493767411763981
-2.096377606001632,-2.444547349070284
-2.092113548113495,-2.395344912387527
-2.0878510169376767,-2.346160092249427
-2.0835900116543837,-2.2969928791964818
-2.0793305314444073,-2.247843263775959
-2.075072575489128,-2.1987112365418895
-2.07081614297051,-2.1495967880550664
-2.066561233071102,-2.100499908883036
-2.0623078449740406,-2.051420589600088
-2.0580559778630443,-2.0023588207872582
-2.0538056309224153,-1.9533145930323152
-2.049556803337038,-1.9042878969297556
-2.045309494292384,-1.8552787230807994
-2.041063702974501,-1.8062870620933873
-2.0368194285700225,-1.7573129045821672
-1.9396179232738042,-0.6357167547946424
-1.9354098122837822,-0.5871598824509047
-0.7941660489737473,12.581510777501954
-0.7903555340334287,12.625479838194428
-2.125906173529663,-3.428442212046844
-2.121624358708499,-3.3789193826508677
-2.117344081434316,-3.329414336293165
-2.1130653408790923,-3.279927063396954
-2.1087881362153986,-3.23045755439232
-2.1045124666164012,-3.181005799716224
-2.10023833125586,-3.1315717898124893
-2.095965729308126,-3.0821555151317908
-2.091694659948143,-3.032756966131661
-2.087425122351449,-2.9833761332764728
-2.0831571156941706,-2.934013007037439
-2.0788906391530255,-2.8846675778926025
-2.074625691905321,-2.835339836326838
-2.0703622731289575,-2.7860297728318324
-2.066100382002421,-2.736737377906093
-2.0618400177047858,-2.687462642054933
-2.0575811794157173,-2.638205555790464
-2.053323866315467,-2.5889661096315986
-2.049068077584873,-2.5397442941040365
-2.0448138124053603,-2.49054009974026
-2.040561069958938,-2.4413535170795293
-2.0363098494282057,-2.392184536667879
-2.0320601499963424,-2.3430331490581033
-1.884272658365763,-0.6337451390525584
-1.8800771793838016,-0.5852208570516083
-0.7422226432344746,12.575034414295216
-0.738423322514865,12.618976789123717
-2.12125342492672,-4.019835400605961
-2.1169660825442453,-3.9701326044473815
-2.1126802819815227,-3.9204476824742374
-2.108396022406993,-3.8707806250463554
-2.1041133029896963,-3.8211314225304895
-2.099832122899271,-3.7715000653003248
-2.0955524813059516,-3.7218865437364608
-2.09127437738057,-3.672290848226411
-2.0869978102945512,-3.6227129691645943
-2.082722779219918,-3.5731528969523323
-2.0784492833292867,-3.5236106219978347
-2.0741773217958683,-3.474086134716206
-2.069906893793466,-3.4245794255294277
-2.065637998496478,-3.3750904848663565
-2.061370635079895,-3.3256193031627204
-2.0571048027192966,-3.2761658708611097
-2.052840500590858,-3.2267301784109708
-2.0485777278713413,-3.1773122162686005
-2.0443164837381036,-3.1279119748971436
-2.0400567673690877,-3.078529444766577
-2.035798577942828,-3.029164616353716
-2.0315419146384475,-2.9798174801421986
-2.027286776635657,-2.9304880266224838
-1.8290008519494194,-0.6317761401905064
-1.8248179751632583,-0.5832844048187601
-0.6903448469213441,12.568566231346725
-0.6865566951941945,12.612481952629448
-2.1165868219047845,-4.6129895716985905
-2.1122939379999606,-4.563105955817811
-2.1080026002054018,-4.513240305848136
-2.103712807685997,-4.463392612085501
-2.099424559607235,-4.413562864832831
-2.095137855135206,-4.363751054400029
-2.0908526934365987,-4.313957171103979
-2.086569073678705,-4.2641812052685255
-2.082286995029413,-4.214423147224482
-2.0780064566572087,-4.164682987309615
-2.073727457731181,-4.114960715868642
-2.0694499974210108,-4.065256323253221
-2.0651740748969796,-4.015569799821954
-2.060899689329963,-3.965901135940366
-2.0566268398914342,-3.9162503219809124
-2.052355525753462,-3.866617348322967
-2.048085746088708,-3.8170022053528117
-2.0438175000704306,-3.76740488346364
-2.0395507868724803,-3.7178253730555424
-2.0352856056693023,-3.6682636645355036
-2.031021955635933,-3.618719748317395
-2.026759835948001,-3.5691936148219745
-2.022499245781729,-3.519685254476868
-2.018240184313928,-3.470194657716574
-1.7738023578721283,-0.6298097530019537
-1.7696320535547547,-0.5813505206337082
-0.6347555279122704,12.605995313164188
-0.6309797960039386,12.649869586114447
-2.11190630249045,-5.207912602529143
-2.107607863050973,-5.157847308730924
-2.1033109740301215,-5.107800073152459
-2.099015634589208,-5.0577708860252955
-2.094721843890151,-5.007759737588013
-2.0904296010954715,-4.957766618086239
-2.086138905368294,-4.907791517772628
-2.0818497558723497,-4.85783442690686
-2.077562151771968,-4.807895335755632
-2.0732760922320823,-4.757974234592662
-2.068991576418227,-4.708071113698663
-2.064708603496539,-4.658185963361356
-2.060427172633754,-4.608318773875452
-2.0561472829972085,-4.55846953554265
-2.0518689337548373,-4.508638238671632
-2.0475921240751758,-4.458824873578053
-2.043316853127357,-4.409029430584537
-2.0390431200811103,-4.35925190002067
-2.034770924106763,-4.309492272222995
-2.0305002643752412,-4.2597505375350035
-2.0262311400580644,-4.210026686307129
-2.0219635503273485,-4.16032070889675
-2.0176974943558053,-4.110632595668164
-2.0134329713167407,-4.060962336992605
-1.7186770303686982,-0.627845972294175
-1.714519268878054,-0.5794191993913729
-0.5830196968231467,12.599516855219708
-0.579255079098363,12.643364557410951
-2.102907795302197,-5.754364582167491
-2.0986053410091943,-5.704134898097088
-2.0943044406188354,-5.653923355309232
-2.090005093289449,-5.603729943977657
-2.085707298179967,-5.553554654283198
-2.08141105444993,-5.503397476413778
-2.077116361259484,-5.4532584005643985
-2.0728232177693835,-5.403137416937138
-2.068531623140987,-5.353034515741151
-2.064241576536258,-5.302949687192646
-2.059953077117764,-5.252882921514896
-2.0556661240486784,-5.20283420893822
-2.0513807164927766,-5.152803539699985
-2.047096853614435,-5.10279090404459
-2.0428145345786377,-5.052796292223474
-2.038533758550965,-5.002819694495093
-2.0342545246976,-4.952861101124927
-2.0299768321853273,-4.902920502385467
-2.0257006801815325,-4.852997888556208
-2.0214260678541986,-4.803093249923651
-2.017152994371909,-4.753206576781285
-2.0128814589038444,-4.703337859429588
-2.008611460619785,-4.6534870881760195
-1.6677714425896704,-0.6742963151226927
-1.6636247240601107,-0.6258847928881971
-0.5313490783930898,12.593046563326888
-0.527595549843358,12.636867726868095
-2.098193671985365,-6.3526657424717605
-2.0938856383227096,-6.302252741715285
-2.0895791629034295,-6.251857975664146
-2.0852742448822355,-6.201481434426718
-2.080970883414454,-6.1511231081185285
-2.0766690776560193,-6.10078298686225
-2.072368826763476,-6.050461060787699
-2.0680701298939788,-6.000157320031823
-2.0637729862052923,-5.9498717547386955
-2.0594773948557887,-5.899604355059516
-2.0551833550044467,-5.849355111152593
-2.0508908658108562,-5.799124013183349
-2.0465999264352113,-5.748911051324299
-2.0423105360383116,-5.698716215755061
-2.038022693781564,-5.648539496662342
-2.0337363988269814,-5.598380884239924
-2.02945165033718,-5.548240368688674
-2.02516844747538,-5.498117940216523
-2.0208867894054054,-5.448013589038466
-2.0166066752916847,-5.397927305376557
-2.0123281042992476,-5.347859079459901
-2.008051075593725,-5.297808901524641
-2.00377558834135,-5.247776761813965
-1.6127795232871236,-0.6723053363635987
-1.6086452939522453,-0.6239262096187593
-0.47974354939960134,12.586584422055576
-0.476001085084447,12.630379078997663
-2.093465429956225,-6.952758803706089
-2.089151802774536,-6.902161612717974
-2.084839738195072,-6.851582750454125
-2.0805292353689104,-6.801022206957033
-2.07622029344775,-6.750479972276402
-2.0719129115838966,-6.699956036469138
-2.067607088930274,-6.649450389599353
-2.063302824640416,-6.598963021738339
-2.0590001178684743,-6.548493922964585
-2.0546989677692067,-6.498043083363753
-2.0503993734979864,-6.44761049302868
-2.0461013342107943,-6.397196142059366
-2.041804849064225,-6.346800020562974
-2.0375099172154822,-6.296422118653818
-2.0332165378223763,-6.246062426453357
-2.028924710043329,-6.195720934090197
-2.0246344330373702,-6.145397631700068
-2.0203457059641363,-6.095092509425835
-2.016058527983871,-6.04480555741748
-2.0117728982574237,-5.994536765832102
-2.0074888159462527,-5.944286124833904
-2.003206280212419,-5.894053624594195
-1.9989252902185886,-5.843839255291375
-1.9946458451280336,-5.793643007110935
-1.557860364981301,-0.6703169919115228
-1.5537385954345988,-0.6219702173342679
-0.42820298693042946,12.580130416014459
-0.42447156197717617,12.62389859835043
-2.0887230056917274,-7.55465182800876
-2.084403770789498,-7.503869567851188
-2.0800861028665647,-7.453105731037586
-2.075770001070354,-7.40236030754404
-2.0714554645489085,-7.351633287353901
-2.0671424924508925,-7.300924660457794
-2.062831083925584,-7.250234416853592
-2.0585212381228795,-7.1995625465464235
-2.0542129541932903,-7.148909039548661
-2.049906231287945,-7.098273885879912
-2.0456010685585864,-7.047657075567018
-2.04129746515757,-6.997058598644044
-2.03699542023787,-6.946478445152273
-2.032694932953069,-6.895916605140197
-2.028396002457365,-6.8453730686635215
-2.0240986279055657,-6.794847825785138
-2.0198028084530955,-6.744340866575139
-2.015508543255985,-6.6938521811108
-2.0112158314708783,-6.643381759476576
-2.0069246722550265,-6.592929591764089
-2.0026350647662943,-6.542495668072135
-1.9983470081631527,-6.492079978506668
-1.994060501604681,-6.441682513180786
-1.989775544250567,-6.391303262214748
-1.5030138233602035,-0.6683312765416576
-1.4989044842790245,-0.6200168108967479
-0.3767272683825992,12.573684529850974
-0.3730068579861461,12.617426269516045
-2.079641478410534,-8.107384712256748
-2.07531819290858,-8.056435017127589
-2.0709964779250676,-8.005503830476705
-2.0666763326043696,-7.954591142220579
-2.0623577560914814,-7.903696942283015
-2.058040747532017,-7.8528212205951275
-2.053725306072212,-7.801963967095348
-2.049411430858921,-7.751125171729408
-2.0450991210396205,-7.700304824450338
-2.0407883757624012,-7.649502915218456
-2.0364791941759757,-7.598719434001367
-2.03217157542967,-7.547954370773949
-2.027865518673433,-7.497207715518356
-2.023561023057824,-7.446479458223999
-2.0192580877340216,-7.395769588887553
-2.0149567118538174,-7.34507809751294
-2.0106568945696206,-7.294404974111323
-2.006358635034452,-7.243750208701111
-2.0020619324019466,-7.193113791307935
-1.9977667858263526,-7.142495711964659
-1.9934731944625315,-7.091895960711357
-1.989181157465956,-7.041314527595319
-1.984890673992709,-6.99075140267104
-1.4482397544932104,-0.6663481850430074
-1.444142816638465,-0.6180659851818053
-0.3253162714614389,12.567246748251144
-0.3216068508840385,12.61096207712289
-2.074864861295825,-8.712715199836195
-2.070535943926786,-8.661578757155379
-2.0662086014863124,-8.61046091872071
-2.0618828331150842,-8.55936167438126
-2.057558637954406,-8.508281013993477
-2.0532360151462097,-8.45721892742119
-2.0489149638330475,-8.406175404535599
-2.044595483158098,-8.355150435215265
-2.0402775722651594,-8.304144009346105
-2.0359612302986556,-8.253156116821392
-2.03164645640363,-8.202186747541734
-2.0273332497257472,-8.15123589141508
-2.023021609411292,-8.10030353835671
-2.018711534607171,-8.049389678289224
-2.014403024460909,-7.9984943011425385
-2.0100960781206476,-7.947617396853885
-2.005790694735152,-7.896758955367797
-2.0014868734537985,-7.845918966636095
-1.9971846134265858,-7.795097420617908
-1.9928839138041252,-7.74429430727963
-1.9885847737376485,-7.6935096165949455
-1.9842871923789993,-7.642743338544801
-1.9799911688806366,-7.591995463117411
-1.3935380148298255,-0.6643677122183347
-1.3894534490456985,-0.6161177350785728
-0.27396987417961133,12.560817055939491
-0.2702714187506492,12.604506005837987
-2.070073854715894,-9.319869233618
-2.065739291138948,-9.26854514863724
-2.0614063069191975,-9.217239764284908
-2.0570749011936074,-9.16595307034212
-2.052745073099774,-9.11468505659744
-2.048416821775919,-9.063435712846866
-2.0440901463608965,-9.012205028893833
-2.0397650459941827,-8.960992994549192
-2.0354415198158833,-8.909799599631219
-2.031119566966727,-8.858624833965594
-2.0267991865880703,-8.8074686873854
-2.0224803778218945,-8.756331149731125
-2.018163139810802,-8.705212210850636
-2.013847471698023,-8.654111860599192
-2.009533372627407,-8.603030088839425
-2.0052208417434283,-8.551966885441336
-2.0009098781911807,-8.500922240282291
-1.9966004811163829,-8.449896143247015
-1.9922926496653712,-8.398888584227576
-1.9879863829851028,-8.347899553123389
-1.9836816802231543,-8.29692903984121
-1.9793785405277229,-8.245977034295116
-1.9750769630476233,-8.195043526406513
-1.9707769469322869,-8.144128506104122
-1.3389084611984163,-0.6623898528841199
-1.3348362384120807,-0.6141720554896704
-0.21900043997192373,12.598058040366846
-0.2153141643755319,12.64170596907137
-2.052252471561178,-9.774373565980092
-2.047916996196125,-9.722917300431757
-2.043583102037095,-9.671479801673728
-2.039250788219217,-9.620061059441122
-2.0349200538782473,-9.568661063476547
-2.0305908981505745,-9.51727980353009
-2.026263320173214,-9.465917269359302
-2.021937319083815,-9.414573450729208
-2.0176128940206497,-9.36324833741228
-2.013290044122622,-9.311941919188449
-2.008968768529259,-9.260654185845084
-2.00464906638072,-9.209385127176999
-2.0003309368177864,-9.15813473298643
-1.996014378981864,-9.106902993083038
-1.9916993920149866,-9.055689897283909
-1.9873859750598113,-9.004495435413526
-1.983074127259619,-8.95331959730379
-1.978763847758313,-8.902162372793983
-1.9744551357004196,-8.851023751730791
-1.9701479902310883,-8.799903723968274
-1.9658424104960894,-8.748802279367876
-1.2843509508049697,-0.660414601870514
-1.2802910420263014,-0.6122289413311591
-0.1677937932389969,12.591618165453358
-0.16411842920665337,12.63523979669581
-1.9954262970421686,-9.766129158436211
-1.9911041307539346,-9.71470942719216
-1.9867835397447329,-9.663308436648753
-1.9824645231535214,-9.611926176562358
-1.9781470801198817,-9.560562636696808
-1.9738312097840238,-9.509217806823395
-1.9695169112867823,-9.457891676720854
-1.9652041837696215,-9.406584236175375
-1.9608930263746258,-9.355295474980574
-1.2298653412318457,-0.6584419540212988
-1.2258177175531395,-0.6102883875325026
-0.11665135754723642,12.58518636587969
-0.11298688062219281,12.628781731275213
-1.175451490436537,-0.6564719041938335
-1.1714161230322238,-0.6083503890365134
-0.06191939798700527,12.622331757572994
-0.058267009160044986,12.665886276080808
-1.1211092567504422,-0.6545044472590157
-1.1170861168768054,-0.6064149407993148
-0.010915860968064175,12.615889860390745
-0.007274306133449256,12.659418194041313
-1.0668384988776254,-0.6525395781012355
-1.0628275578725208,-0.6044820377902967
0.04002385046649352,12.609456024568084
0.04365459555390076,12.65295820477337
-1.0126390758935977,-0.6505772916183296
-1.0086403051761745,-0.6025516749920696
0.09089985604830249,12.60303023498255
0.09451981556812478,12.646506293098131
-0.9585108472440973,-0.6486175827215435
-0.9545242183145186,-0.6006238474004281
0.1417122752097088,12.596612476549494
0.14532147327626763,12.640062443874696
-0.9044536727438733,-0.646660446335478
-0.9004791571830387,-0.5986985500242971
0.19605968774723304,12.633626641999971
0.19965694549543178,12.677036033781894
-0.850467412575476,-0.644705877398052
-0.8465049820447454,-0.596775777885696
0.2467345777527139,12.627198872408565
0.2503211264108803,12.670582253582957
-0.7965519272880514,-0.6427538708604563
-0.7926015535289697,-0.5948555260196945
0.29734626176811885,12.620779120072665
0.30092212524256007,12.664136521738378
-0.7427070777961382,-0.6408044216871095
-0.7387687326301615,-0.592937789474367
0.3478948579734974,12.614367370001926
0.3514600601061115,12.657698823202171
-0.6889327253784798,-0.6388575248556211
-0.6850063807067021,-0.5910225633107579
0.3983804842544534,12.607963607243354
0.40193504882294334,12.651269142965836
-0.6352287316768218,-0.636913175356738
-0.6313143594797025,-0.5891098426028281
0.4488032582030707,12.60156781688118
0.45234720892114866,12.644847466058232
-0.5815949586947325,-0.634971368194309
-0.5776925310318264,-0.5871996224374203
0.49916329711882035,12.595179984036754
0.5026966576364168,12.638433777545469
-0.5280312687964193,-0.6330320983852373
-0.5241407578061065,-0.5852918979142135
0.5494607180094726,12.588800093868425
0.5529835119129439,12.632028062530788
-0.4706589026047686,-0.5833866641456875
-0.46678163600531986,-0.5356946405732177
0.5996956375919974,12.582428131571426
0.6032078884043321,12.625630306154445
-0.41724682858805956,-0.5814839162570706
-0.41338141814667256,-0.5338233329319738
0.6498681722934768,12.576064082377775
0.6533699034745005,12.6192404935936
-0.3639043992730808,-0.5795836493863064
-0.3600508173792,-0.5319544648874189
0.6964860430906871,12.5265429131235
0.699978438251997,12.569707931556122
0.7034696731985782,12.612858610062194
0.7069597485084919,12.655994955786376
-0.31063147853262546,-0.5776858586840086
-0.30678969765339353,-0.5300880316719603
0.7500265513175476,12.563359664411676
0.7535073133638008,12.606484640810846
0.7569869199687954,12.649595301845638
0.7604653717077604,12.692691654642864
-0.2574279305940206,-0.5757905393134198
-0.2535979232740145,-0.5282240285304184
0.8069521006291231,12.643203577988812
0.8104201111018675,12.68627429398606
-0.20429362003797324,-0.5738976864503762
-0.2004753588989414,-0.5263624507199929
0.8568554056412933,12.636819769485262
0.8603129980312935,12.679864879113337
-0.1512284117974206,-0.5720072952832568
-0.14742186953802072,-0.5245032935102127
0.9066969498720993,12.63044386164082
0.9101441473007748,12.673463395276487
-0.09823217115639168,-0.5701193610129492
-0.09443732055192962,-0.5226465521829023
0.9564768479041855,12.624075839797667
0.9599136734310989,12.667069827763767
-0.04530476374885738,-0.5682338788528081
-0.04152157765102749,-0.5207922220321402
1.0061952140369352,12.617715689334215
1.0096216906599913,12.660684161899793
0.007553944442398339,-0.5663508440286119
0.011325493105772117,-0.5189402983642177
1.0558521622873376,12.611363395665009
1.0592683129429834,12.654306383045444
0.06034408708691129,-0.5644702517785299
0.06410402531213331,-0.5170907764976059
1.1054478063908624,12.605018944240602
1.1088536539542846,12.647936476597728
0.1130657975076638,-0.5625920973530724
0.1168141522154235,-0.5152436517629063
1.1549822598023267,12.598682320547448
1.1583778270876501,12.641574427989696
0.16571920868220708,-0.5607163760150563
0.16945600671783476,-0.5133989195028177
1.2044556356967624,12.592353510107795
1.2078409454572454,12.6352202226903
0.2183044532437794,-0.5588430830395633
0.22202972137750082,-0.5115565750720942
1.2538680469702752,12.586032498479568
1.2572431218985067,12.628873846204302
0.270821663482421,-0.5569722137139057
0.2745354284096114,-0.5097166138375131
1.3032196062409076,12.579719271256272
1.3065844689690018,12.62253528407217
0.3232709713460773,-0.5551037633375776
0.326973259687514,-0.5078790311778255
1.3525104258494864,12.573413814066864
1.3558650989492775,12.616204521869944
0.37565250844171366,-0.5532377272222221
0.3793433467438275,-0.5060438224837243
1.4017406178604854,12.56711611257566
1.4050851238437214,12.609881545209157
0.42428571909053825,-0.5985535255539052
0.42796640603640956,-0.5513741006915901
0.431645820771536,-0.5042109831578045
1.4509102940628678,12.560826152482216
1.4542446553814037,12.6035663397367
1.457577919741549,12.646292466065404
0.4728729569135089,-0.6438264869994905
0.4765435100402806,-0.5966615357288949
0.48021279505845654,-0.5495128790814999
1.5033438050169239,12.597258891134716
1.5066669511061426,12.639959818746926
1.5099890047775217,12.682646709282878
0.5250747238755008,-0.6419061883057365
0.5287338966678488,-0.5947719862728609
1.5590076957778616,12.676296682027237
1.5623185695912993,12.718944407096215
0.573560112539152,-0.6871081190175524
0.5772091905608082,-0.6399883653257549
1.607966271475233,12.66995444228702
1.6112670795467208,12.712577061586847
0.6256387415758312,-0.6851620767196885
0.6292764870342652,-0.6380730132749693
1.6568648423877357,12.66361997574539
1.6601556068950003,12.70621751876615
0.6776503039797435,-0.6832185405266616
0.6812767430257698,-0.6361601273811248
1.7057035187627274,12.657293268120569
1.708984261824682,12.69986576430053
0.7295949292197043,-0.681277505600559
0.733210087931363,-0.6342497028842456
1.7544824105776553,12.650974305165748
1.7577531542545863,12.693521783891455
0.7814727464314942,-0.6793389671159171
0.7850766508142953,-0.6323417350366032
1.8032016275408747,12.644663072668992
1.8064623938346305,12.687185563275401
0.8332838844189392,-0.6774029202596717
0.8368765604061065,-0.6304362191026665
1.8518612790924798,12.638359556453096
1.8551120899466573,12.680857088223696
0.8850284716549695,-0.6754693602311251
0.888609945107683,-0.6285331503590694
1.9004614744051191,12.632063742375507
1.90370235170525,12.67453634454244
0.9367066362826838,-0.6735382822419047
0.9402769329903208,-0.6266325240945685
1.9490023223848125,12.625775616328225
1.9522332879585471,12.668223318072396
0.9883185061164065,-0.6716096815159213
0.9918776517967828,-0.6247343356100109
1.994261803479436,12.577058470960026
1.9974839316717636,12.619495164237664
1.039864208642742,-0.669683553289337
1.043412228942351,-0.6228385802182853
2.0459064106411726,12.61322237206459
2.0491176180144683,12.655620360301635
1.0913438710216234,-0.6677598928105156
1.0948807915158763,-0.6209452532442904
2.09426986740404,12.60695722580397
2.0974712281884544,12.649330400854792
1.142757620087361,-0.6658386953399905
1.1462834662808228,-0.6190543500248947
2.142574409807978,12.600699711484907
2.14576594560148,12.643048102326683
1.1941055823496767,-0.663919956150422
1.1976203796763039,-0.617165865908896
2.1908201454380007,12.59444981517052
2.194001877781597,12.636773450729793
1.2453878839947514,-0.6620036705265657
1.248891657818128,-0.6152797962569907
2.2390071816173367,12.588207522957834
2.2421791319952495,12.630506432110625
2.245350049509179,12.672791567712574
1.2966046508862528,-0.6600898337652237
1.3000974264998244,-0.6133961364417257
2.2902978152480653,12.624247032549626
2.2934589760280133,12.666507486979118
2.2966191082503014,12.708754190980486
1.3477560085663653,-0.6581784411752121
1.3512378111936754,-0.611514881847467
2.34465986032953,12.702453108106138
2.3478092367002765,12.744661448684944
1.398842082256818,-0.6562694880773224
1.402312937051738,-0.60963602787036
2.3926422972752173,12.6961596739149
2.3957819671305476,12.738343423426917
1.4498629968599044,-0.6543629698042808
1.453322928906868,-0.6077595699182907
2.4405665252032733,12.689873874488491
2.443696509767624,12.732033061521465
1.5008188769595008,-0.652458881700716
1.5042679112737354,-0.6058855034108555
2.4884326499723,12.683595695942362
2.491552970414337,12.725730349034311
1.5517098468220818,-0.6505572191231134
1.5551480083498381,-0.6040138237793126
2.536240777184367,12.677325124425623
2.5393514546171643,12.719435272064954
1.6025360303977303,-0.648657977439782
1.6059633440165113,-0.6021445264665525
2.58709206766701,12.713147816746545
2.590192118138529,12.755219847981559
1.649879896935535,-0.6932605322891586
1.6532975513211385,-0.646761152030815
2.634774914599967,12.706867969245785
2.6378653678399053,12.748915568025774
1.7005876813025673,-0.6913362308673108
1.7039945329126194,-0.6448667382880577
2.6824001001981013,12.700595715762852
2.6854809771425328,12.742618910399345
1.7512310246579612,-0.6894143749068837
1.7546270981790986,-0.6429747316150608
2.7299677289902107,12.694331042531255
2.7330390505203552,12.7363298612867
1.8018100497641405,-0.6874949597491847
1.8051953698151122,-0.6410851274270503
2.7774779052525913,12.688073935817782
2.7805396921949868,12.73004840690564
1.8523248790719045,-0.6855779807473484
1.8556994702037968,-0.6391979211508879
2.8249307330098015,12.681824381922356
2.8279830061364764,12.723774533507232
1.9027756347214153,-0.683663433266296
1.9061395214178773,-0.6373131082250337
2.8753690960640657,12.717508227375706
2.878410893696167,12.759420551327025
1.953162438543184,-0.6817513126827046
1.9565156452206494,-0.6354306840995142
2.922698065446943,12.711249474828374
2.925730394292996,12.753137551445926
2.003485412059051,-0.6798416143849604
2.0068279630669608,-0.6335506442358776
2.9699700175049966,12.704998262215492
2.972992898163495,12.746862119489682
2.053744676483162,-0.6779343337731272
2.0570765961041877,-0.6316729841071631
3.017185055209569,12.698754575920203
3.0201985082252207,12.740594241793083
2.103940352722938,-0.6760294662589091
2.1072616651732026,-0.629797699197863
3.064343281284196,12.692518402358411
3.0673473271480893,12.734333904723798
2.1540725613800547,-0.6741270072656114
2.157383290809349,-0.6279247850038847
3.1144394573551377,12.728081094682274
3.1174331527060892,12.769859011284192
2.204141422751398,-0.6722269522281104
2.207441593243404,-0.6260542370325215
3.1614750010232546,12.72183579810165
3.164459333636052,12.763589622673251
2.254147056830032,-0.6703292965928074
2.25743669240254,-0.6241860508024066
3.208454060083921,12.715598001447638
3.2114290502789626,12.757327761710764
2.304089583306155,-0.6684340358175983
2.30736870791128,-0.6223202218434843
3.25537673622395,12.709367691218446
3.258342404268722,12.751073414847204
2.3539691215680567,-0.666541165371835
2.3572377590924565,-0.6204567456969723
3.3022431308862137,12.703144853944668
3.3051994969954612,12.744826568565548
2.4037857907030666,-0.6646506807362952
2.407043964968156,-0.618595617915324
3.3520004296062704,12.73858720938117
3.3549465684484723,12.780231577796554
2.4535397094985063,-0.6627625774031366
2.456787444260673,-0.6167368340622011
3.3987453030059283,12.732355323841746
3.4016821837202778,12.773975754043212
2.503230996442626,-0.6608768508758679
2.506468315393443,-0.6148803897124275
3.4454342178576214,12.726130898527169
3.448361860490963,12.767727417971418
2.5528597697255524,-0.6589934966693113
2.5560866964919953,-0.613026280451961
3.4920672745836785,12.719913920049432
3.4949856991308037,12.76148655614604
2.6024261472402244,-0.6571125103095652
2.6056427053848794,-0.6111745018778545
3.5386445733662786,12.713704375052552
3.541553799770094,12.755253155164091
2.651930246583324,-0.6552338873339759
2.655136459604601,-0.609325049598229
3.588066262299863,12.74902720165459
3.590965382975549,12.790538872835869
2.701372185056207,-0.6533576232910915
2.704568076388552,-0.6074779192322276
3.6345231863725878,12.742808682278495
3.637413152116643,12.784296567594117
2.747565416242917,-0.6973497275886498
2.7507520796658316,-0.6514837137406341
3.6809246714029067,12.736597583728603
3.683805501993074,12.778061710373505
2.7968936628355725,-0.6954490888309987
2.8000700471256796,-0.6496121542534629
3.727270816568328,12.730393892729444
3.730142531731143,12.771834287852036
2.846160075442602,-0.6935508325636578
2.8493262038566756,-0.6477429404115377
3.7735617208099375,12.724197596037207
3.776424340220888,12.765614286739481
2.8953647702564695,-0.6916549543096847
2.8985206659881064,-0.6458760678078904
3.819797482833103,12.71800868043962
3.8226510261167888,12.75940169377726
2.9445078631786967,-0.6897614496033415
2.947653549358525,-0.644011532046581
3.868822687838462,12.75319649573836
3.8716662682549883,12.79455267756486
2.993589469820787,-0.6878703139900673
2.996724969516672,-0.6421493287426692
3.9149394235713673,12.74699867942724
3.9177739703744705,12.788331253223316
3.0426097055051233,-0.6859815430264401
3.045735041722373,-0.6402894535221788
3.9610013312674974,12.74080823167972
3.963826863919807,12.782117224335927
3.0915686852658735,-0.684095132280142
3.0946838809474437,-0.6384319020220615
4.0070085086460745,12.734625139362928
4.009825046559999,12.775910577723984
3.140466523849892,-0.6822110773299301
3.1435716018765882,-0.6365766698901695
4.052961053194242,12.72844938937516
4.055768615732119,12.769711300240056
3.1893033357176135,-0.6803293737655928
3.1923983189082943,-0.6347237527852115
4.101657668642009,12.763519378767931
4.104455386207312,12.804744690516783
3.2380792350439465,-0.6784500171879209
3.2411641461557283,-0.6328731463767258
4.147492302264957,12.757334800222493
4.150281086393181,12.798536653153308
3.2867943357191676,-0.6765730032086713
3.2898691974476226,-0.6310248463450429
4.19327261334639,12.75115755154965
4.196052483240522,12.792335972298366
3.335448751349797,-0.6746983274505384
3.3385135863291557,-0.6291788483812583
4.238998698402534,12.744987619726228
4.241769673216155,12.78614263488354
3.384042595259496,-0.6728259855471109
3.387097426062846,-0.6273351481871896
4.28467065372112,12.738824991759891
4.287432752558547,12.779956627871332
3.4325759804899363,-0.6709559731428443
3.435620829629422,-0.6254937414753498
4.333041817278484,12.773777938255114
4.3357941874190535,12.814873205453274
3.48104901980168,-0.6690882858930247
3.4840839097287017,-0.6236546239689118
4.378596963159744,12.767606553058982
4.381340498697553,12.808678509241558
3.5294618256750527,-0.6672229194637351
3.532486778780464,-0.6218177914016744
4.4240982857597695,12.761442459337712
4.426833005642359,12.802491130889237
3.577814510311015,-0.6653598695318268
3.580829548925317,-0.6199832395180349
4.469545880410337,12.755285644176649
4.472271803536623,12.796311057436977
3.6261071856320264,-0.6634991317848775
3.6291123320255654,-0.6181509640729476
4.514939842218213,12.749136094691613
4.517656987438649,12.790138275956016
3.6743399632829097,-0.6616407019211633
3.677335239666075,-0.6163209608318964
4.560280266065834,12.742993798028817
4.562988652182547,12.783972773548086
3.722512954631716,-0.6597845756496252
3.7254983831551303,-0.6144932255708617
4.608266892378901,12.777814537345323
4.61096568649704,12.818757413128978
3.767649681008476,-0.7032087570378324
3.770626270770571,-0.6579307486898335
4.653491802415419,12.77166355451017
4.656181878140968,12.81258329182475
3.815713240352416,-0.701328886450347
3.818680022516541,-0.656079216771962
4.698663476457602,12.765519812235299
4.701344852438914,12.806416437172969
3.8637173238617764,-0.699451342092413
3.8666743204124776,-0.6542299756367447
4.743782008449384,12.759383297743517
4.746454703287118,12.80025683635241
3.9116620418650783,-0.6975761196488415
3.914609274727865,-0.6523830210354506
4.788847492113791,12.75325399828767
4.791511524361059,12.794104476571999
3.95954750441813,-0.6957032148151083
3.9624849954596666,-0.6505383487298476
4.836515409116099,12.787959345070718
4.839169962183399,12.828773949134378
4.007373821304868,-0.6938326232973274
4.010301592333166,-0.6486959544921758
4.881466450788133,12.78182142911751
4.884112381430421,12.822613039502372
4.055141102038199,-0.6919643408122087
4.058059174802804,-0.6468558341051067
4.926364742394228,12.775690716011205
4.929002069013308,12.816459358564837
4.102849455860835,-0.6900983630870317
4.105757852053015,-0.6450179833617165
4.971210376733275,12.769567193080423
4.973839117684016,12.81031289360692
4.150498991746121,-0.6882346858596112
4.153397732999057,-0.643182398065453
5.0160034463866126,12.763450847683483
5.018623619977094,12.804173631943554
4.198089818398871,-0.6863733048782634
4.200978926287843,-0.6413490740301018
5.063355668210332,12.798041560919414
5.065966473903396,12.838728694367399
4.2456220442561925,-0.6845142159017796
4.248501540298769,-0.6395180070797611
5.108035354485392,12.791916667908783
5.110637632446758,12.832580951113657
4.293095777488311,-0.6826574146993851
4.295965683144529,-0.6376891930488002
5.152662770688438,12.78579894031549
5.155256539077297,12.826440398883278
4.34051112599939,-0.680802897050713
4.343371462671943,-0.6358626277818342
5.197238008490766,12.779688365572822
5.199823285420125,12.82030702506661
4.387868197428344,-0.6789506587457702
4.390718986462771,-0.6340383071336914
5.241761159349436,12.773584931143429
5.24433796288625,12.814180817083459
4.435167099149662,-0.677100695584905
4.438008361834526,-0.6322162269693797
5.286232314507892,12.767488624519252
5.288800662673214,12.808061762383034
4.48240793827421,-0.6752530033787812
4.485239695841282,-0.6303963831640623
5.333211475765706,12.801949848443808
5.335770586884256,12.842487596754935
4.529590821650048,-0.6734075779483367
4.532413095274492,-0.6285787716030167
5.377570492936188,12.795845062773484
5.380121187682926,12.836360128306922
4.5767158558632275,-0.6715644151247586
4.579528666663778,-0.62676338818161
5.421877804745507,12.789747392908877
5.424420100995422,12.830239800989691
4.623783147238599,-0.6697235107494484
4.626586516277746,-0.6249502288052654
5.466133501543518,12.783656826415834
5.468667417126285,12.82412660232679
4.6707928018406095,-0.6678848606739977
4.67358675012478,-0.623139289389437
5.510337673469698,12.77757335088917
5.512863226169809,12.818020519870819
4.717744925474103,-0.6660484607601467
4.720529473953836,-0.6213305658595699
5.557007618010661,12.811921541203322
5.55952404166545,12.852333539536021
4.761863545264013,-0.7089191953914707
4.7646396236851105,-0.6642143068797602
5.6011006823244855,12.805829653934742
5.603608781578087,12.846219110030939
4.808710285029222,-0.7070596574211431
4.811477001761639,-0.6623823949147947
5.645142508578513,12.799744845704307
5.647642301071678,12.840111784653999
4.855499788895558,-0.7052023913768382
4.858257164734465,-0.6605527207572658
5.689133186032165,12.793667104179953
5.691624689361046,12.834011551031352
4.902232161692559,-0.7033473930974474
4.9049802173779184,-0.6587252803092243
5.733072803737657,12.787596417058253
5.735556035453945,12.827918396817884
4.94890750799392,-0.7014946584320133
4.951646264210658,-0.6569000694827162
5.779436428151649,12.821832309697097
5.781910637365885,12.86211933568692
4.995525932118279,-0.699644183239704
4.998255409496459,-0.6550770841997575
5.823265956049572,12.815753277381061
5.825731931622731,12.856017900373633
5.0420875381299854,-0.6977959633897817
5.044807757244989,-0.6532563203923037
5.867044707537847,12.809681287610312
5.869502466880154,12.849923532463462
5.088592429839879,-0.6959499947615697
5.091303411212575,-0.6514377740022171
5.910772770801929,12.803616328153774
5.9132223312797105,12.843836219684063
5.135040710806057,-0.6941062732444279
5.13774247490298,-0.6496214409812429
5.954450233823183,12.797558386808685
5.956891612758999,12.83775594979149
5.18143248433465,-0.6922647947377139
5.184125051568174,-0.6478073172909701
6.000510399052254,12.83168271057011
6.00294286059456,12.871845534662551
5.227767853480582,-0.6904255551507577
5.230451244209085,-0.6459953989028073
6.044078777690932,12.825616489832527
6.046503095160956,12.865757048881067
5.274046921048335,-0.6885885504028288
5.276721155576381,-0.6441856817979525
6.087596836004292,12.819557275419495
6.090013026585371,12.85967559405265
5.320269789592712,-0.6867537764231131
5.322934888171215,-0.6423781619673603
6.131064661119993,12.81350505519984
6.133472741952248,12.853601158005363
5.366436561419586,-0.6849212291506712
5.369092544245986,-0.6405728354117198
6.174482339964651,12.807459817070383
6.176882328145135,12.847533728595346
5.412547338586666,-0.6830909045344172
5.415194225805096,-0.6387696981414145
6.217849959264448,12.801421548955844
6.22024187184726,12.841473293706745
5.458602222904247,-0.681262798533086
5.461240034605698,-0.6369687461765006
6.263551459542111,12.835419841251614
6.2659345783499125,12.875437098429808
5.504601315935947,-0.6794369071152017
5.507230072158447,-0.6351699755466733
6.3068111775140085,12.829373359169859
6.309186257605861,12.869368512389395
5.550544718999471,-0.6776132262590551
5.553164439728246,-0.6333733822912451
6.3500211118486805,12.823333835429132
6.352388170142066,12.863306909051754
5.596432533167342,-0.6757917519526645
5.599043238334985,-0.6315789624591057
6.393181348433831,12.817301258024768
6.395540401803831,12.857252276372048
5.642264859267652,-0.673972480193752
5.644866568754287,-0.6297867121087011
6.4362919729597134,12.811275614979698
6.438643038239133,12.851204602333123
5.68804179788479,-0.6721554069897137
5.690634531518244,-0.627996627308002
6.481696164899186,12.845163874945422
6.4840385384464385,12.885058585327807
5.733763449360184,-0.6703405283575875
5.736347226916149,-0.6262087041344738
6.524699867039018,12.839130082246935
6.52703428889283,12.879002823875584
5.776854240407678,-0.7126469965827017
5.779429913793035,-0.6685278403240315
6.567654229718021,12.833103212303088
6.569980716576722,12.872954009316498
5.822474537719665,-0.7108095881496664
5.825041291041049,-0.6667173389252853
6.610559337800514,12.82708325320668
6.612877906320697,12.866912129703667
5.868039827833054,-0.7089743951929987
5.8705976807211515,-0.6649090202071465
6.653415275956307,12.8210701930778
6.655725942752949,12.860877173117586
5.91355021017625,-0.7071414137081086
5.916099182210237,-0.6631028802249421
6.698524910307842,12.854849127666043
6.700826986052332,12.894622039413441
5.959005783938168,-0.7053106397000504
5.961545894645866,-0.6612989150434964
6.741274893226469,12.84882798148406
6.743569103167612,12.888579058446092
6.004406648068958,-0.703482069183499
6.006937916927001,-0.6594971207371096
6.783975975557192,12.842813722733785
6.786262336177598,12.882542988828424
6.0497529012807245,-0.7016556981827128
6.052275347714721,-0.6576974933895205
6.826628241156211,12.836806339604454
6.828906768897399,12.87651381871048
6.095044642048243,-0.6998315227315102
6.0975582854329335,-0.6559000290938829
6.869231773688101,12.830805820312278
6.871502484950615,12.870491536269345
6.140281968609668,-0.6980095388732382
6.142786828269084,-0.6541047239527352
6.911786656626353,12.82481215310038
6.914049567769902,12.864476129709113
6.1854649789672465,-0.6961897426607502
6.187961074174873,-0.6523115740779787
6.9565481005975025,12.858467587260812
6.958802539118777,12.898097739665953
6.230593770888026,-0.6943721301563671
6.233081120866962,-0.6505205755908394
6.998998166485795,12.85246589718229
7.0012448402494005,12.89207437124905
6.275668441904557,-0.6925566974318569
6.278147065827675,-0.6487317246218469
7.041399848297835,12.846471047758174
7.043638773533568,12.886057867147958
6.3206890893156,-0.690743440568403
6.323159006305697,-0.6469450173108043
7.0837532287078915,12.84048302729979
7.0859844216052155,12.880048215635352
6.365655810186824,-0.6889323556565762
6.368117039316782,-0.6451604498067596
7.126058390201987,12.834501824145061
7.128281866910154,12.874045405010605
6.4105687013515,-0.6871234387963108
6.413021261644445,-0.643378018267984
7.170531191706601,12.86804942359972
7.172746293559749,12.907559384825802
6.455427859411198,-0.6853166860968694
6.457871769840658,-0.6415977188619347
7.212732478065715,12.862060259755237
7.21493989863031,12.90154867396787
6.500233380736483,-0.6835120936768195
6.502668660226539,-0.639819547765234
7.25488580787213,12.856077901856171
7.257085563169536,12.895544792502012
6.544985361467607,-0.6817096576640043
6.5474120288930475,-0.6380435011636388
7.296991262824475,12.850102338307938
7.299183368836352,12.889547728795474
6.589683897515186,-0.6799093741955189
6.592101971701665,-0.6362695752520194
7.339048924435916,12.844133557542266
7.341233397104332,12.883557471241891
6.634329084560895,-0.6781112394176758
6.6367385842850855,-0.6344977662343231
7.38323572926222,12.87757400826124
7.385411923547743,12.91696450503555
6.678921018058148,-0.676315249485982
6.681321962047891,-0.632728070323553
7.425190446414463,12.871597328299744
7.427359041803634,12.910966408196002
6.721066622634153,-0.7180962221764101
6.723459793232777,-0.6745214005651108
7.467097629481727,12.86562741982981
7.46925864179071,12.904975106082519
6.765560856082201,-0.7162782630734412
6.767945505083711,-0.6727296888288729
7.508957359201413,12.859664271349951
7.511110804207279,12.898990587155907
6.810002102387284,-0.7144624689354915
6.8123782483836495,-0.6709401104601946
7.550769716128185,12.853707871384712
7.552915609569025,12.893012839903077
6.854390456144801,-0.7126488358975511
6.856758117679738,-0.6691526616510827
7.59253478063448,12.847758208484601
7.59467313820952,12.88704185283698
6.898726011725118,-0.710837360103807
6.901085207294238,-0.6673673386026028
7.636383470280744,12.881077614496533
7.638513662971748,12.920328079058121
6.94300886327423,-0.7090280377076126
6.945359611325197,-0.665584137524851
7.678046685753594,12.875120113446549
7.680169376494391,12.91434931311517
6.9872391047144395,-0.7072208648714602
6.989581423647107,-0.6638030546369255
7.719662864418399,12.869169338277661
7.721778068784628,12.908377296040964
7.031416829745013,-0.7054158377669596
7.03375073791158,-0.6620240861669062
7.761232085885428,12.863225277606249
7.763339819414352,12.902412016414692
7.075542131842833,-0.7036129525748015
7.077867647547993,-0.660247228351819
7.802754429585385,12.857287920074365
7.804854707775998,12.896453462841315
7.119615104263077,-0.7018122054847373
7.1219322457641665,-0.6584724774376151
7.846322813083085,12.890501623951465
7.84841502009308,12.929634185682794
7.163635840039861,-0.7000135926955505
7.165944625547003,-0.6566998296791426
7.887744214370689,12.88455648840138
7.88982899951979,12.923667912831725
7.2076044319869,-0.6982171104150282
7.209904879663151,-0.65492928134012
7.929118990495963,12.878618044872848
7.931196369161489,12.917708354783219
7.251520972698159,-0.6964227548599409
7.253813100659657,-0.6531608286931145
7.970447220138632,12.872686282073111
7.972517207660106,12.911755500207773
7.295385554548495,-0.6946305222560062
7.297669380864607,-0.6513944680195077
8.01172898180149,12.86676118873482
8.013791593480757,12.905809337801383
7.339198269694319,-0.6928404088378693
7.341473812387787,-0.6496301956094757
8.055019604912237,12.89986985628543
8.057074237882976,12.938885221291159
7.382959210074231,-0.6910524108490732
7.385226487121308,-0.6478680077619586
8.096201320067507,12.893937044406625
8.098248610242065,12.932931398558617
7.4266684674096695,-0.689266524542038
7.428927496740271,-0.646107900784643
8.13733681688421,12.888010890936954
8.139376779444621,12.92698425681204
7.470326133205545,-0.6874827461780264
7.472576932703392,-0.6443498709939252
8.17842617312513,12.88209138467357
8.180458823216226,12.921043784812285
7.513932298750883,-0.685701072027123
7.516174886253646,-0.6425939147148927
8.219469466378715,12.876178514438761
8.221494819108214,12.915109971345423
7.557487055119462,-0.6839214983682077
7.559721448418899,-0.6408400282812962
8.262484844498168,12.909182805222631
8.264502309779106,12.948081673284078
7.600990493170447,-0.682144021488927
7.603216710012546,-0.6390882080355232
8.303428976590405,12.903262275280149
8.305439177131042,12.942140257804017
7.6444427035490135,-0.6803686376856753
7.646660761634141,-0.6373384503285788
8.344327292416464,12.897348370379207
8.346330243206546,12.936205489740585
7.685633163313381,-0.721613486643806
7.6878437766869885,-0.6785953432635599
8.385179868835575,12.891441079405938
8.38717558482821,12.930277357944055
7.7289913158904,-0.7198166967092617
7.731193802803471,-0.6768241345363807
8.425986782535155,12.885540391271325
8.427975278646912,12.924355851289622
7.772298493879579,-0.718022019194664
7.774492871905464,-0.6750550078266042
8.46674811003129,12.879646294911133
8.468729401142296,12.918440958677328
7.815554787121531,-0.716229450376958
7.817741073788481,-0.673287959465336
8.509438028623258,12.912532669032004
8.511411539675407,12.95129497234336
7.858760285245878,-0.7144389865418372
7.860938498037186,-0.6715229857923012
8.550101237228413,12.90663097130319
8.552067575403191,12.945372535451236
7.901915077671859,-0.7126506239837089
7.904085234026002,-0.6697600831558106
8.59071910292658,12.900735854465076
8.592678282988297,12.939456701590114
7.9450192536089554,-0.7108643590056744
7.947181370919732,-0.6679992479127411
8.631291701517245,12.894847307516416
8.633243738194228,12.933547459723394
7.988072902057504,-0.7090801879195006
7.990226997674167,-0.6662404764285084
8.671819108631036,12.888965319480485
8.673764016615737,12.927644798839054
8.031076111809304,-0.7072981070456007
8.033222203036706,-0.6644837650770469
8.714239193679289,12.921748707949583
8.716176410273059,12.960396018303369
8.074028971448238,-0.7055181127130001
8.076167075546953,-0.6627291102407762
8.754669344643538,12.915859176091924
8.756599464257853,12.954485870179541
8.116931569350863,-0.7037402012593165
8.119061703537344,-0.6609765083105827
8.79505454459979,12.909976192327392
8.796977581813044,12.948582292092587
8.15978399368704,-0.7019643690307339
8.161906175133737,-0.6592259556857932
8.83539486847247,12.904099745741615
8.837310837827616,12.942685273093174
8.202586332420518,-0.7001906123819762
8.204700578256018,-0.657477448774148
8.875690391019578,12.898229825444458
8.877599307024237,12.936794802256312
8.245338673309545,-0.6984189276762877
8.24744500061871,-0.6557309839917832
8.917843063959719,12.930910868681242
8.9197443760883,12.96944386624458
8.288041103907467,-0.6966493112853996
8.290139529731562,-0.653986557763197
8.95804218302548,12.925033461491388
8.959936473112137,12.96354596459669
8.330693711563322,-0.6948817595895108
8.332784252900156,-0.6522441665212312
8.998196738448001,12.919162569834299
9.000084020888035,12.957654600231063
8.37329658342244,-0.6931162689772626
8.375379257226498,-0.6505038067070451
9.038306804289284,12.91329818288155
9.040187093443087,12.951769762284739
8.41584980642704,-0.691352835845712
8.417924629609603,-0.6487654747700903
9.078372454447305,12.907440289828727
9.080245764640475,12.94589143991885
8.458353467316806,-0.6895914566003126
8.460420456746101,-0.6470291671680923
9.118393762656472,12.901588879895316
9.120260108179897,12.940019622318477
8.500807652629495,-0.6878321276548827
8.50286682513082,-0.6452948803670175
9.16023019759805,12.934154298692647
9.16208904224456,12.97255328389055
8.54321244870151,-0.6860748454315855
8.545263821057357,-0.6435626108410549
9.20015610626905,12.928295458274233
9.202008017080372,12.966674091303585
8.583523716503864,-0.7268200848702077
8.585567941668495,-0.6843196063609042
9.240037907404902,12.922443090319888
9.241882898561633,12.96080139270411
8.625837761795884,-0.7250419159816074
8.627874217465918,-0.6825664068816161
9.27987567405594,12.916597184110017
9.281713759704404,12.954935177338458
8.668102658990906,-0.7232658124501828
8.670131361829636,-0.6808152434407742
9.319669479111274,12.91075772894866
9.32150067336361,12.94907543447668
8.710318493668082,-0.7214917706796281
8.7123394602965,-0.6790661124936748
9.361243712233506,12.943222153412515
9.363067490657416,12.981508287845283
8.752485351207996,-0.7197197870819837
8.754498598204911,-0.6773190105038392
9.400942948848105,12.93737532346328
9.402759866319563,12.975641225206195
8.79460331679323,-0.7179498580776082
8.796608860695411,-0.6755739339429868
9.440598455581618,12.93153493396984
9.44240852610414,12.969780624356998
8.83667247540895,-0.7161819800951618
8.83867033271124,-0.6738308792910178
9.48021030464891,12.925700974296522
9.482013542192245,12.963926474628375
8.87869291184347,-0.7144161495715721
8.880683098998917,-0.6720898430359797
9.519778568105918,12.919873433831054
9.521574986606154,12.958078765374466
8.920664710688822,-0.7126523629520165
8.92264724410881,-0.6703508216740507
9.561092931209759,12.952237485972832
9.562882017832688,12.990411430919561
8.962587956341329,-0.7108906166898973
8.9645628523957,-0.6686138117095141
9.600567447709,12.946402625824373
9.602349745347558,12.984556456511068
9.004462733002159,-0.709130907246815
9.006430008019343,-0.6668788096547331
9.639998607652304,12.940574174353273
9.64177413013559,12.978707911926948
9.046289124677903,-0.7073732310925528
9.048248794945046,-0.6651458120301345
9.679386482431017,12.934752121006955
9.681155243554864,12.97286578658135
9.088067215181132,-0.7056175847050421
9.090019296944211,-0.6634148153641753
9.718731143279825,12.928936455255966
9.720493156806915,12.967030069911635
9.129797088130946,-0.7038639645703457
9.131741597594907,-0.6616858161933264
9.758032661277204,12.923127166593972
9.759787940937148,12.961200751378335
9.171478826953548,-0.7021123671826317
9.173415780282422,-0.659958811062046
9.799039666835261,12.95537782046507
9.800787713438414,12.993420234543375
9.213112514882795,-0.7003627890441555
9.215041928199822,-0.6582337965227624
9.838248405235692,12.949561266678499
9.839989747578988,12.987583704852062
9.254698234960738,-0.6986152266652277
9.256620124348496,-0.6565107691358426
9.877414226718017,12.943751079548262
9.879148878425992,12.981753562746295
9.296236070038201,-0.6968696765641975
9.298150451538719,-0.6547897254695754
9.916537201707396,12.937947248626894
9.918265176371918,12.975929797745808
9.337726102775303,-0.6951261352674268
9.3396329923902,-0.6530706621001463
9.955617400474985,12.932149763489784
9.95733871165535,12.97011239939324
9.37916841564203,-0.6933845993092671
9.381067829332622,-0.6513535756116148
9.996369554361381,12.9643013572541
9.998083714088311,13.002233003456748
9.420563090918762,-0.6916450652320415
9.422455044606192,-0.6496384625958959
10.03535777442204,12.958496660916673
10.037065299899792,12.996408447400412
9.460025121429902,-0.7319026538359996
9.461910210696836,-0.6899075295860133
10.074303441616697,12.952698299991965
10.076004346301067,12.990590247503643
9.501332198509639,-0.7301427338801824
9.50320985687907,-0.6881719889293691
10.113206625572492,12.946906264113661
10.114900922887093,12.984778393367687
9.542591867899192,-0.7283848337656591
9.544462111180318,-0.6864384398281945
10.15206739576474,12.941120542938036
10.153755099101103,12.978972874616463
9.583804211165697,-0.7266289500171972
9.585667055128,-0.6847068788564501
10.192566944235011,12.973173680896503
10.194247576676462,13.01099520230745
9.624969309689288,-0.7248750791675362
9.626824770062653,-0.6829773025959546
10.231336527429832,12.967380801876882
10.23301059476131,13.00518257874421
9.666087244663611,-0.7231232177573566
9.66793533713844,-0.6812497076363536
10.270063917676083,12.961594227249169
10.271731433187162,12.999376280139447
9.707158097096379,-0.7213733623352621
9.708998837323712,-0.6795240905751035
10.308749183814209,12.955813946727355
10.310410160762753,12.9935762961751
9.748181947809885,-0.7196255094577552
9.750015351401522,-0.6778004480174469
10.347392394534964,12.950039950047792
10.349046846147237,12.98778261655553
9.789158877441542,-0.717879655689219
9.790984959970164,-0.6760787765763892
10.385993618379846,12.944272226969137
10.387641557850586,12.98199523100748
9.830088966444414,-0.7161357976018873
9.831907743443692,-0.6743590728726828
10.426194364233998,12.976214129279981
10.427835327651714,13.01390653303262
9.87097229508774,-0.7143939317758274
9.872783782052451,-0.6726413335347953
10.464705333510306,12.970439301144346
10.466339813224634,13.008112094918149
9.911808943457451,-0.712654054798916
9.913613155843608,-0.6709255551988939
10.503174533744374,12.964670736394051
10.504802542849902,13.00232394054571
9.952598991456702,-0.7109161632668157
9.954395944681657,-0.6692117345088203
10.541602032853493,12.958908424844703
10.543223584413667,12.996542059699296
9.99334251880639,-0.7091802537829593
9.99513222824896,-0.6674998681160751
10.579987898607797,12.953152356333982
10.58160300565501,12.990766442185043
10.034039605045676,-0.7074463229585178
10.035822086046247,-0.6657899526797862
10.619940874166323,12.984997077831142
10.621549083483242,13.022580739463384
10.074690329532503,-0.705714367412385
10.076465597393154,-0.6640819848666945
10.65823725739372,12.979233956487809
10.659839050281052,13.01679812115411
10.1152947714441,-0.7039843837711534
10.117062841428718,-0.6623759613511288
10.69649222263743,12.97347706802721
10.698087612028901,13.011021755908494
10.155853009777513,-0.7022563686690912
10.157613897111906,-0.6606718788149848
10.734705837052179,12.967726402343402
10.736294835850842,13.005251633589348
10.196365123350107,-0.7005303187481271
10.198118843222113,-0.6589697339477077
10.772878167647605,12.961981949352296
10.774460788725907,12.999487744081378
10.23683119080008,-0.698806230657818
10.238577758359687,-0.6572695234462632
10.812585537488513,12.993730077291135
10.814161338164059,13.031205622353223
10.277251290586973,-0.6970841010553348
10.278990720946426,-0.6555712440151212
10.850669148828844,12.987978623146946
10.852238599517921,13.025434783281987
10.317625500992168,-0.6953639266054383
10.31935780922609,-0.6538748923662322
10.888711689293235,12.98223337159887
10.8902748027711,13.019670166814041
10.356228174822018,-0.7351235407414581
10.357953900119405,-0.6936457039804571
10.926713225284574,12.976494312618627
10.928270014296247,13.013911762890208
10.396517935137364,-0.7333834840583127
10.398236565895287,-0.6919294298602711
10.96467382306268,12.970761436199542
10.966224300323033,13.008159561472976
10.436762024881574,-0.7316453998213148
10.438473576069763,-0.6902151009322817
11.00259354874468,12.965034732356486
11.004137726938533,13.002413552546448
10.476960521665665,-0.7299092846785566
10.478665008216652,-0.6885027138913965
11.042010360087604,12.996673726116285
11.04354780893083,13.034022500925847
10.517113502924907,-0.7281751352857193
10.518810939734124,-0.6867922654400053
11.07984226557327,12.990940072209643
11.081373442673902,13.028269593003632
10.557221045919306,-0.7264429483060572
10.55891144784521,-0.6850837522879641
11.117633509057105,12.985212580875112
11.119158427004471,13.022522867458393
10.59728322773411,-0.7247127204103679
10.598966609598286,-0.6833771711525659
11.155384156059617,12.979491242182663
11.156902827413335,13.016782314329628
10.637300125280305,-0.7229844482769772
10.638976501867575,-0.6816725187585249
11.193094271960614,12.973776046223591
11.194606709250687,13.011047923678207
10.677271815295095,-0.7212581285917153
10.678941201353624,-0.6799697918379546
11.232270137726486,13.005319685586338
11.23377592086341,13.042561688967098
10.717198374342406,-0.7195337580478958
10.718860784583818,-0.6782689871303456
11.269893177910838,12.999597590157496
11.271392753969828,13.036820449477107
10.757079878813366,-0.7178113333462981
10.758735327912852,-0.6765701013825497
11.307475894734367,12.993881627516364
11.308969276151336,13.031085362410241
10.7969164049268,-0.7160908511951403
10.798564907523222,-0.6748731313487518
11.345018352988587,12.988171787808797
11.346505552170187,13.025356417882215
10.836708028729703,-0.7143723083100618
10.838349599425703,-0.6731780737904536
11.382520617326284,12.982468061201738
11.384001646649981,13.019633606029902
10.876454826097737,-0.7126557014141021
10.878089479459845,-0.671484925476451
11.421457624076027,13.013916917011278
11.42293207349577,13.051052757611359
10.916156872735709,-0.7109410272376786
10.917784623294452,-0.6697936831828194
11.458873548795728,13.00820634100538
11.460341855010082,13.045323146559674
10.955814244178043,-0.7092282825185708
10.957435106428049,-0.6681043436928839
11.496249485018945,13.002501868212226
11.497711660312666,13.039599658188614
10.995427015789277,-0.707517464001892
10.99704100418938,-0.6664169037972051
11.53358549681836,12.996803488852771
11.535041553447371,13.033882282689344
11.034995262764525,-0.7058085684400733
11.036602391737873,-0.6647313602935577
11.570881648129848,12.991111193168857
11.57233159832131,13.028171010273978
11.074519060129953,-0.7041015925928413
11.076119344064116,-0.6630477099869082
11.60958185870523,13.022465831175497
11.611025302307793,13.059496112454111
11.113998482743263,-0.7023965332272025
11.11559193599034,-0.6613659496894008
11.646792398233883,13.01676673564774
11.648229761723128,13.053778089967526
11.153433605294165,-0.7006933871174147
11.155020242170874,-0.6596860762203279
11.683963280406376,13.011073713965295
11.685394575918117,13.048066160628498
11.191244193111315,-0.7399885227140173
11.192824502304832,-0.6989921510449726
11.721094568586542,13.00538675642348
11.722519808228181,13.042360314702911
11.230597729082563,-0.7382659596801046
11.232171248130395,-0.6972928217985854
11.758186326003303,12.999705853338275
11.75960552185389,13.036660542477339
11.269907173839156,-0.7365453265844947
11.271473916959385,-0.6955953961741557
11.795238615751007,12.994030995046257
11.796651779861339,13.03096683425904
11.30917260143849,-0.734826620185588
11.310732582814218,-0.693899870974765
11.833658645182506,13.02527918037588
11.835065389048752,13.06218568087235
11.348394085772192,-0.7331098372490362
11.34994731955165,-0.6922062430106452
11.8706261806156,13.019597571176284
11.872026918680625,13.056485271021495
11.38757170056659,-0.7313949745477274
11.389118200863237,-0.6905145090991635
11.907554448825422,13.013921997029179
11.908949193050264,13.050790915332517
11.426705519383187,-0.7296820288617651
11.428245300275819,-0.6888246660648025
11.944443512343717,13.008252448323955
11.94583227466148,13.04510260416573
11.465795615619111,-0.7279709969784461
11.467328691151948,-0.6871367107391374
11.981293433569528,13.002588915470382
11.98267622588547,13.039420327901905
11.504842062507564,-0.7262618756922464
11.50636844669037,-0.6854506399608228
12.019481108961147,13.033744076942224
12.020857552348103,13.070546315964828
11.543844933118299,-0.7245546618047923
11.545364639926474,-0.6837664505755644
12.056246985995509,13.028073841708201
12.057617485001881,13.06485738617918
11.582804300358065,-0.7228493521248468
11.58431734373274,-0.6820841394361041
12.092973918963981,13.022409612641649
12.094338485406572,13.0591744815088
11.621720236971061,-0.7211459434682861
11.623226630819211,-0.6804037034021991
12.129661969710755,13.01675138020461
12.13102061537885,13.053497592387
11.660592815539394,-0.7194444326580861
11.66209257373393,-0.6787251393406067
12.166311199949154,13.011099134879318
12.167663936604587,13.047826709267339
11.699422108483521,-0.7177448165242934
11.700915244863392,-0.6770484441250569
12.204268510639196,13.042161822623564
12.205614968790153,13.078860387516988
11.738208188062709,-0.7160470919040122
11.739694716433009,-0.6753736146362388
12.240834398907982,13.036502922949557
12.242174973354366,13.073182898495505
11.77695112637548,-0.7143512556413826
11.778431060507529,-0.673700647761779
12.277361662706486,13.030850000759283
12.278696365122967,13.067511405745782
11.815650995360052,-0.7126573045875597
11.817124348991516,-0.672029540396222
12.313850363200823,13.025203046586736
12.31517920523494,13.061845899773413
11.854307866794796,-0.7109652356007005
11.85577465362977,-0.6703602894410162
12.350300561428025,13.019562050985884
12.351623554700264,13.056186371104012
11.892921812298662,-0.7092750455459343
11.894382046007774,-0.668692891804486
12.386712318296375,13.013927004530627
12.38802947440025,13.050532810283178
11.931492903331641,-0.7075867312953512
11.932946597552155,-0.6670273444018188
12.424397025087885,13.044885207876439
12.425707985640381,13.081462196008049
11.9700212111952,-0.7059002897279797
11.9714683795311,-0.665363644155044
12.460726267388157,13.039243554469184
12.462031415712874,13.075802076202086
12.007065723370836,-0.7447416734926897
12.008506807032697,-0.7042157177297664
12.497017261798403,13.033607840666658
12.498316609403199,13.070147914602815
12.04551517910901,-0.7430362641670466
12.046949761829866,-0.7025330121935635
12.533270068688646,13.027978057093852
12.534563627054705,13.064499701807188
12.083922051124208,-0.7413327436244019
12.085350146415212,-0.7008521700190996
12.569484748301923,13.022354194395481
12.570772528883845,13.058857428431953
12.122286410121058,-0.7396311087286812
12.123708031460469,-0.6991731881129677
12.606943374980492,13.053221085113568
12.608225028528429,13.089695662458352
12.16060832664776,-0.7379313563507479
12.162023487481022,-0.6974960633886043
12.643076225308272,13.04759066250816
12.644352125709434,13.08404687674119
12.198887871096497,-0.7362334833683892
12.20029658483634,-0.6958207927662683
12.679171139704906,13.041966151291485
12.68044129832947,13.078404020858837
12.237125113703879,-0.7345374866662886
12.238527393730415,-0.6941473731730293
12.71522817788253,13.036347542158856
12.716492606074388,13.072767085478882
12.27532012455137,-0.7328433631360128
12.276715984212187,-0.6924758015427394
12.751247399428026,13.030734825825126
12.752506108504866,13.067136061288508
12.313472973565705,-0.7311511096759906
12.314862426175965,-0.6908060748160201
12.78848186505673,13.0615109389944
12.7897345147676,13.097883677351184
12.351583730519334,-0.7294607231914934
12.352966789361867,-0.689138189940241
12.824419935041277,13.055891709322724
12.825666889975663,13.092246186990684
12.389652465030839,-0.7277722005946212
12.391029143356226,-0.6874721438695071
12.860320377645614,13.05027836301906
12.861561649037991,13.086614598290119
12.42767924656535,-0.7260855388042761
12.429049557592036,-0.685807933564631
12.896183251932964,13.044670890848352
12.897418850991912,13.08098890198702
12.465664144434989,-0.7244007347461484
12.46702810134936,-0.6841455559931214
12.932008616843005,13.039069283594882
12.93323855475127,13.075369088838299
12.503607227799264,-0.7227177853526973
12.504964843755747,-0.6824850081291618
12.967796531192192,13.033473532062182
12.96902081910675,13.06975514962018
12.541508565665515,-0.7210366875631301
12.542859853786666,-0.6808262869535916
13.004765702726212,13.064147075128162
13.005984010992904,13.10040038240053
12.579368226889311,-0.7193574383233903
12.580713200265915,-0.6791693894538934
13.040473264154997,13.058544856176983
13.041685946415766,13.094780022468525
12.617186280174879,-0.7176800345861292
12.618524951866041,-0.6775143126241657
13.07614356181625,13.052948483600527
13.077350629146297,13.08916552702361
12.654962794075514,-0.7160044733106944
12.656295177108744,-0.6758610534651116
13.111776654011248,13.047357948251815
13.112978117460308,13.083556886891738
12.692697836994,-0.7143307514631096
12.694023944365306,-0.6742096089840162
13.147372598919706,13.041773241002929
13.148568469512115,13.077954092918002
12.730391477183014,-0.7126588660160548
12.731711321856999,-0.6725599761947354
13.184121743334876,13.07235713596656
13.185311700128164,13.10850983430035
12.76804378274555,-0.7109888139488536
12.769357377655496,-0.6709121521176693
13.21963799684088,13.066766006920592
13.220822384475861,13.102900664846384
12.80565482163531,-0.7093205922474464
12.806962179683277,-0.6692661337797494
13.255117287821882,13.06118069668226
13.25629611724229,13.097297332161967
12.841923145973508,-0.7476982191879485
12.84322466165713,-0.7076541979043786
13.290559673949412,13.05560119617265
13.291732956073867,13.091699827141417
12.87945806796463,-0.7460114820469517
12.880753370467385,-0.7059896279187793
13.325965212775074,13.050027496331737
13.327132958497176,13.086108140698009
12.916951913437607,-0.7443265907946673
12.918241015574381,-0.7043268792963483
13.36249618191926,13.080522263763884
13.36365807888055,13.11657490995584
12.954404749783984,-0.7426435424026657
12.95568766433878,-0.702665949049331
13.397822683627933,13.07494218729001
13.398979067599935,13.110976892812864
12.991816644247969,-0.7409623338491399
12.993093383973992,-0.7010068341965051
13.4331125207921,13.069367902246146
13.434263402588954,13.105384684913018
13.029187663926828,-0.7392829621188852
13.030458241546578,-0.6993495317631616
13.468365750462057,13.063799399620784
13.469511140873154,13.099798277218326
13.066517875771297,-0.737605424203281
13.06778230397665,-0.697694038781086
13.503582429569802,13.058236670421113
13.504722339359851,13.094217660709562
13.103807346585976,-0.7359297171002782
13.105065638038269,-0.6960403522885455
13.539897054838445,13.088642826386183
13.54103118010737,13.12459597262418
13.14105614302972,-0.734255837814372
13.142308310359859,-0.6943884693302637
13.5750353439807,13.08307376526629
13.57616401176047,13.119009069749348
13.178264331616054,-0.7325837833565905
13.179510387424578,-0.692738386957408
13.61013726334108,13.077510468386585
13.611260484318084,13.113427948780659
13.215431978713553,-0.7309135507444755
13.216671935570734,-0.6910901022275692
13.645202869357027,13.071952926802297
13.646320654193254,13.107852600747172
13.252559150546244,-0.7292451370020628
13.253793020992179,-0.6894436122047507
13.68023221834928,13.066401131587169
13.681344577682399,13.102283016696521
13.289645913193997,-0.727578539159871
13.290873709738669,-0.687798913959341
13.715225366522159,13.060855073833382
13.716332310965567,13.096719187694815
13.326692332592916,-0.7259137542548741
13.327914067716314,-0.6861560045681032
13.751283910106787,13.091161104826627
13.75238514572304,13.126997555083923
13.363698474535735,-0.7242507793304912
13.364914160687919,-0.6845148811141559
13.786199431054342,13.085608759194935
13.787295274582675,13.121427483316198
13.4006644046722,-0.7225896114365651
13.401874054273392,-0.6828755406869541
13.821078929641065,13.080062141921065
13.822169391617882,13.115863157400835
13.437590188509466,-0.7209302476293505
13.438793813950138,-0.6812379803822785
13.855922461584644,13.074521244144677
13.857007552522367,13.11030456845166
13.474475891412478,-0.719272684971489
13.475673505053429,-0.6796021973022088
13.890730082487925,13.068986057023674
13.89180981287505,13.104751707600789
13.51132157860435,-0.7176169205319963
13.512513192776806,-0.6779681885551138
13.92657622814036,13.099204565998622
13.92765031222899,13.134942704345034
13.549312942172454,-0.6763359512556311
13.550498225111877,-0.6367204507902223
13.96130685366854,13.09366313481377
13.962375599735925,13.12938364417197
13.584893166040358,-0.7143107746159422
13.586072818151584,-0.6747054825246499
13.996001744695928,13.088127405233019
13.997065163154657,13.123830302953886
13.620445166184101,-0.7522554747554597
13.621619196025067,-0.7126603873091248
14.030660956345256,13.082597368461293
14.03171905758427,13.118282671870148
13.65713739228634,-0.7505852009711804
13.658305469780558,-0.7110117865601276
14.065284543625937,13.07707301572158
14.066337338010596,13.112740742118248
13.693789914488937,-0.7489167345556482
13.694952051826576,-0.7093649694695745
14.100920059306512,13.107204504913762
14.101967269158983,13.1428448692142
13.730402797201192,-0.7472500725768731
13.731559006543332,-0.7077199331443584
14.135467276232212,13.101673951490309
14.13650920149113,13.137296783154017
13.766976104693173,-0.7455852121092083
13.76812639817188,-0.7060766746976304
14.16997904343552,13.096149073099491
14.17101569439141,13.131754389335251
13.80350990109608,-0.7439221502333238
13.804654290814485,-0.704435191248773
14.204455415452165,13.09062986101086
14.205486802372233,13.126217679002187
13.84000425040262,-0.7422608840361953
13.84114274843501,-0.7027954799233908
14.238896446706063,13.085116306511866
14.23992257983427,13.120686643417043
13.87645921646739,-0.7406014106110861
13.877591834859288,-0.7011575378532908
14.273302191509627,13.079608400907802
14.274323081066733,13.115161273859954
13.912874863007232,-0.7389437270575276
13.914001613775476,-0.6995213621764652
14.308688360247663,13.1096415616289
14.309703738062776,13.14516724827395
13.949251253601625,-0.7372878304813095
13.95037214873445,-0.6978869500370799
14.343018471444216,13.104127498039674
14.344028627633705,13.139635764680058
13.985588451693042,-0.7356337179944539
13.98670350315016,-0.6962542985854492
14.377313468612938,13.09861907442584
14.37831841332399,13.1341099381048
14.021886520587318,-0.7339813867152032
14.022995740300008,-0.6946234049780255
14.411573405600063,13.093116282138679
14.412573148956946,13.12858975987451
14.058145523454023,-0.7323308337680037
14.059248923325205,-0.6929942663773815
14.44579833614178,13.087619112547145
14.446792888245893,13.123075221333233
14.094365523326829,-0.7306820562834861
14.095463115231144,-0.6913668799521909
14.479988313864519,13.082127557037815
14.48097768479446,13.117566313842707
14.130546583103872,-0.7290350513984555
14.131638378887763,-0.6897412428772196
14.514143392285236,13.076641607014857
14.515127592096867,13.11206302878229
14.166688765548122,-0.7273898162558656
14.167774777029909,-0.6881173523332995
14.548263624811687,13.071161253899984
14.54924266353818,13.106565357548941
14.202792133287728,-0.725746348004808
14.203872372257704,-0.6864952055073186
14.582349064742706,13.065686489132394
14.583322952394624,13.101073291557153
